Weekday,Date,Time,Day,Month,Year
Monday, 15 January 1900, 08:07:30 pm,15,1,1900
Wednesday, 14 February 1900, 02:50:12 pm,14,2,1900
Friday, 16 March 1900, 09:11:48 am,16,3,1900
Sunday, 15 April 1900, 02:02:06 am,15,5,1900
Monday, 14 May 1900, 04:36:36 pm,14,5,1900
Wednesday, 13 June 1900, 04:38:36 am,13,6,1900
Thursday, 12 July 1900, 02:21:54 pm,12,7,1900
Friday, 10 August 1900, 10:29:54 pm,10,8,1900
Sunday, 9 September 1900, 06:06:06 am,9,9,1900
Monday, 8 October 1900, 02:18:06 pm,8,10,1900
Tuesday, 6 November 1900, 11:59:36 pm,6,11,1900
Thursday, 6 December 1900, 11:38:06 am,6,12,1900
Saturday, 5 January 1901, 01:13:24 am,5,1,1901
Sunday, 3 February 1901, 04:29:42 pm,3,2,1901
Tuesday, 5 March 1901, 09:04:06 am,5,3,1901
Thursday, 4 April 1901, 02:20:06 am,4,5,1901
Friday, 3 May 1901, 07:18:42 pm,3,5,1901
Sunday, 2 June 1901, 10:52:42 am,2,6,1901
Tuesday, 2 July 1901, 12:17:36 am,2,7,1901
Wednesday, 31 July 1901, 11:33:42 am,31,7,1901
Thursday, 29 August 1901, 09:20:48 pm,29,8,1901
Saturday, 28 September 1901, 06:35:42 am,28,9,1901
Sunday, 27 October 1901, 04:06:12 pm,27,10,1901
Tuesday, 26 November 1901, 02:17:30 am,26,11,1901
Wednesday, 25 December 1901, 01:15:48 pm,25,12,1901
Friday, 24 January 1902, 01:06:06 am,24,1,1902
Saturday, 22 February 1902, 02:03:18 pm,22,2,1902
Monday, 24 March 1902, 04:21:12 am,24,3,1902
Tuesday, 22 April 1902, 07:49:30 pm,22,5,1902
Thursday, 22 May 1902, 11:46:00 am,22,5,1902
Saturday, 21 June 1902, 03:16:42 am,21,6,1902
Sunday, 20 July 1902, 05:45:00 pm,20,7,1902
Tuesday, 19 August 1902, 07:03:18 am,19,8,1902
Wednesday, 17 September 1902, 07:23:24 pm,17,9,1902
Friday, 17 October 1902, 07:01:06 am,17,10,1902
Saturday, 15 November 1902, 06:06:24 pm,15,11,1902
Monday, 15 December 1902, 04:47:24 am,15,12,1902
Tuesday, 13 January 1903, 03:17:12 pm,13,1,1903
Thursday, 12 February 1903, 01:57:42 am,12,2,1903
Friday, 13 March 1903, 01:12:48 pm,13,3,1903
Sunday, 12 April 1903, 01:18:18 am,12,5,1903
Monday, 11 May 1903, 02:17:54 pm,11,5,1903
Wednesday, 10 June 1903, 04:07:54 am,10,6,1903
Thursday, 9 July 1903, 06:43:06 pm,9,7,1903
Saturday, 8 August 1903, 09:54:12 am,8,8,1903
Monday, 7 September 1903, 01:19:48 am,7,9,1903
Tuesday, 6 October 1903, 04:23:30 pm,6,10,1903
Thursday, 5 November 1903, 06:27:24 am,5,11,1903
Friday, 4 December 1903, 07:12:42 pm,4,12,1903
Sunday, 3 January 1904, 06:47:18 am,3,1,1904
Monday, 1 February 1904, 05:33:00 pm,1,2,1904
Wednesday, 2 March 1904, 03:48:12 am,2,3,1904
Thursday, 31 March 1904, 01:44:18 pm,31,3,1904
Friday, 29 April 1904, 11:36:12 pm,29,5,1904
Sunday, 29 May 1904, 09:54:36 am,29,5,1904
Monday, 27 June 1904, 09:23:06 pm,27,6,1904
Wednesday, 27 July 1904, 10:41:48 am,27,7,1904
Friday, 26 August 1904, 02:02:00 am,26,8,1904
Saturday, 24 September 1904, 06:49:42 pm,24,9,1904
Monday, 24 October 1904, 11:55:54 am,24,10,1904
Wednesday, 23 November 1904, 04:12:06 am,23,11,1904
Thursday, 22 December 1904, 07:00:54 pm,22,12,1904
Saturday, 21 January 1905, 08:14:00 am,21,1,1905
Sunday, 19 February 1905, 07:51:48 pm,19,2,1905
Tuesday, 21 March 1905, 05:55:24 am,21,3,1905
Wednesday, 19 April 1905, 02:37:48 pm,19,5,1905
Thursday, 18 May 1905, 10:36:12 pm,18,5,1905
Saturday, 17 June 1905, 06:51:18 am,17,6,1905
Sunday, 16 July 1905, 04:31:30 pm,16,7,1905
Tuesday, 15 August 1905, 04:31:18 am,15,8,1905
Wednesday, 13 September 1905, 07:09:54 pm,13,9,1905
Friday, 13 October 1905, 12:02:30 pm,13,10,1905
Sunday, 12 November 1905, 06:11:12 am,12,11,1905
Tuesday, 12 December 1905, 12:25:18 am,12,12,1905
Wednesday, 10 January 1906, 05:36:18 pm,10,1,1906
Friday, 9 February 1906, 08:45:30 am,9,2,1906
Saturday, 10 March 1906, 09:17:06 pm,10,3,1906
Monday, 9 April 1906, 07:12:12 am,9,5,1906
Tuesday, 8 May 1906, 03:09:30 pm,8,5,1906
Wednesday, 6 June 1906, 10:11:30 pm,6,6,1906
Friday, 6 July 1906, 05:27:24 am,6,7,1906
Saturday, 4 August 1906, 01:59:36 pm,4,8,1906
Monday, 3 September 1906, 12:36:18 am,3,9,1906
Tuesday, 2 October 1906, 01:48:24 pm,2,10,1906
Thursday, 1 November 1906, 05:45:48 am,1,11,1906
Saturday, 1 December 1906, 12:07:00 am,1,12,1906
Sunday, 30 December 1906, 07:43:42 pm,30,12,1906
Tuesday, 29 January 1907, 02:45:00 pm,29,1,1907
Thursday, 28 February 1907, 07:22:42 am,28,2,1907
Friday, 29 March 1907, 08:44:18 pm,29,3,1907
Sunday, 28 April 1907, 07:04:36 am,28,5,1907
Monday, 27 May 1907, 03:17:42 pm,27,5,1907
Tuesday, 25 June 1907, 10:26:54 pm,25,6,1907
Thursday, 25 July 1907, 05:29:18 am,25,7,1907
Friday, 23 August 1907, 01:15:00 pm,23,8,1907
Saturday, 21 September 1907, 10:33:36 pm,21,9,1907
Monday, 21 October 1907, 10:16:30 am,21,10,1907
Wednesday, 20 November 1907, 01:04:12 am,20,11,1907
Thursday, 19 December 1907, 06:54:54 pm,19,12,1907
Saturday, 18 January 1908, 02:36:42 pm,18,1,1908
Monday, 17 February 1908, 10:05:12 am,17,2,1908
Wednesday, 18 March 1908, 03:28:18 am,18,3,1908
Thursday, 16 April 1908, 05:55:06 pm,16,5,1908
Saturday, 16 May 1908, 05:32:12 am,16,5,1908
Sunday, 14 June 1908, 02:55:06 pm,14,6,1908
Monday, 13 July 1908, 10:47:42 pm,13,7,1908
Wednesday, 12 August 1908, 05:58:42 am,12,8,1908
Thursday, 10 September 1908, 01:23:12 pm,10,9,1908
Friday, 9 October 1908, 10:03:12 pm,9,10,1908
Sunday, 8 November 1908, 08:57:54 am,8,11,1908
Monday, 7 December 1908, 10:43:54 pm,7,12,1908
Wednesday, 6 January 1909, 03:12:30 pm,6,1,1909
Friday, 5 February 1909, 09:24:30 am,5,2,1909
Sunday, 7 March 1909, 03:55:30 am,7,3,1909
Monday, 5 April 1909, 09:28:06 pm,5,5,1909
Wednesday, 5 May 1909, 01:07:30 pm,5,5,1909
Friday, 4 June 1909, 02:24:30 am,4,6,1909
Saturday, 3 July 1909, 01:17:06 pm,3,7,1909
Sunday, 1 August 1909, 10:13:42 pm,1,8,1909
Tuesday, 31 August 1909, 06:07:42 am,31,8,1909
Wednesday, 29 September 1909, 02:05:12 pm,29,9,1909
Thursday, 28 October 1909, 11:06:54 pm,28,10,1909
Saturday, 27 November 1909, 09:51:42 am,27,11,1909
Sunday, 26 December 1909, 10:29:42 pm,26,12,1909
Tuesday, 25 January 1910, 12:50:24 pm,25,1,1910
Thursday, 24 February 1910, 04:35:30 am,24,2,1910
Friday, 25 March 1910, 09:20:30 pm,25,3,1910
Sunday, 24 April 1910, 02:22:24 pm,24,5,1910
Tuesday, 24 May 1910, 06:38:48 am,24,5,1910
Wednesday, 22 June 1910, 09:11:36 pm,22,6,1910
Friday, 22 July 1910, 09:36:42 am,22,7,1910
Saturday, 20 August 1910, 08:13:48 pm,20,8,1910
Monday, 19 September 1910, 05:52:12 am,19,9,1910
Tuesday, 18 October 1910, 03:24:18 pm,18,10,1910
Thursday, 17 November 1910, 01:24:54 am,17,11,1910
Friday, 16 December 1910, 12:04:54 pm,16,12,1910
Saturday, 14 January 1911, 11:25:48 pm,14,1,1911
Monday, 13 February 1911, 11:37:12 am,13,2,1911
Wednesday, 15 March 1911, 12:58:06 am,15,3,1911
Thursday, 13 April 1911, 03:36:12 pm,13,5,1911
Saturday, 13 May 1911, 07:09:30 am,13,5,1911
Sunday, 11 June 1911, 10:50:30 pm,11,6,1911
Tuesday, 11 July 1911, 01:53:06 pm,11,7,1911
Thursday, 10 August 1911, 03:54:30 am,10,8,1911
Friday, 8 September 1911, 04:56:18 pm,8,9,1911
Sunday, 8 October 1911, 05:11:00 am,8,10,1911
Monday, 6 November 1911, 04:47:54 pm,6,11,1911
Wednesday, 6 December 1911, 03:51:42 am,6,12,1911
Thursday, 4 January 1912, 02:29:24 pm,4,1,1912
Saturday, 3 February 1912, 12:57:48 am,3,2,1912
Sunday, 3 March 1912, 11:41:36 am,3,3,1912
Monday, 1 April 1912, 11:04:18 pm,1,5,1912
Wednesday, 1 May 1912, 11:19:06 am,1,5,1912
Friday, 31 May 1912, 12:29:12 am,31,5,1912
Saturday, 29 June 1912, 02:33:30 pm,29,6,1912
Monday, 29 July 1912, 05:27:48 am,29,7,1912
Tuesday, 27 August 1912, 08:58:30 pm,27,8,1912
Thursday, 26 September 1912, 12:33:54 pm,26,9,1912
Saturday, 26 October 1912, 03:30:18 am,26,10,1912
Sunday, 24 November 1912, 05:11:54 pm,24,11,1912
Tuesday, 24 December 1912, 05:30:00 am,24,12,1912
Wednesday, 22 January 1913, 04:39:48 pm,22,1,1913
Friday, 21 February 1913, 03:03:06 am,21,2,1913
Saturday, 22 March 1913, 12:55:48 pm,22,3,1913
Sunday, 20 April 1913, 10:32:24 pm,20,5,1913
Tuesday, 20 May 1913, 08:17:54 am,20,5,1913
Wednesday, 18 June 1913, 06:53:18 pm,18,6,1913
Friday, 18 July 1913, 07:06:00 am,18,7,1913
Saturday, 16 August 1913, 09:26:36 pm,16,8,1913
Monday, 15 September 1913, 01:45:30 pm,15,9,1913
Wednesday, 15 October 1913, 07:06:24 am,15,10,1913
Friday, 14 November 1913, 12:11:06 am,14,11,1913
Saturday, 13 December 1913, 04:00:00 pm,13,12,1913
Monday, 12 January 1914, 06:08:42 am,12,1,1914
Tuesday, 10 February 1914, 06:34:18 pm,10,2,1914
Thursday, 12 March 1914, 05:18:12 am,12,3,1914
Friday, 10 April 1914, 02:27:54 pm,10,5,1914
Saturday, 9 May 1914, 10:30:24 pm,9,5,1914
Monday, 8 June 1914, 06:18:06 am,8,6,1914
Tuesday, 7 July 1914, 02:59:24 pm,7,7,1914
Thursday, 6 August 1914, 01:40:18 am,6,8,1914
Friday, 4 September 1914, 03:00:48 pm,4,9,1914
Sunday, 4 October 1914, 06:58:30 am,4,10,1914
Tuesday, 3 November 1914, 12:48:18 am,3,11,1914
Wednesday, 2 December 1914, 07:20:12 pm,2,12,1914
Friday, 1 January 1915, 01:20:12 pm,1,1,1915
Sunday, 31 January 1915, 05:40:54 am,31,1,1915
Monday, 1 March 1915, 07:32:24 pm,1,3,1915
Wednesday, 31 March 1915, 06:37:24 am,31,3,1915
Thursday, 29 April 1915, 03:19:06 pm,29,5,1915
Friday, 28 May 1915, 10:32:30 pm,28,5,1915
Sunday, 27 June 1915, 05:27:00 am,27,6,1915
Monday, 26 July 1915, 01:10:42 pm,26,7,1915
Tuesday, 24 August 1915, 10:40:06 pm,24,8,1915
Thursday, 23 September 1915, 10:34:48 am,23,9,1915
Saturday, 23 October 1915, 01:15:12 am,23,10,1915
Sunday, 21 November 1915, 06:36:00 pm,21,11,1915
Tuesday, 21 December 1915, 01:51:54 pm,21,12,1915
Thursday, 20 January 1916, 09:28:36 am,20,1,1916
Saturday, 19 February 1916, 03:28:12 am,19,2,1916
Sunday, 19 March 1916, 06:26:18 pm,19,3,1916
Tuesday, 18 April 1916, 06:07:12 am,18,5,1916
Wednesday, 17 May 1916, 04:11:06 pm,17,5,1916
Thursday, 15 June 1916, 11:41:18 pm,15,6,1916
Saturday, 15 July 1916, 06:39:48 am,15,7,1916
Sunday, 13 August 1916, 02:00:00 pm,13,8,1916
Monday, 11 September 1916, 10:30:30 pm,11,9,1916
Wednesday, 11 October 1916, 08:00:42 am,11,10,1916
Thursday, 9 November 1916, 09:17:42 pm,9,11,1916
Saturday, 9 December 1916, 01:43:24 pm,9,12,1916
Monday, 8 January 1917, 08:41:36 am,8,1,1917
Wednesday, 7 February 1917, 04:28:06 am,7,2,1917
Thursday, 8 March 1917, 10:57:42 pm,8,3,1917
Saturday, 7 April 1917, 02:48:30 pm,7,5,1917
Monday, 7 May 1917, 04:42:54 am,7,5,1917
Tuesday, 5 June 1917, 03:06:24 pm,5,6,1917
Wednesday, 4 July 1917, 11:40:12 pm,4,7,1917
Friday, 3 August 1917, 07:10:30 am,3,8,1917
Saturday, 1 September 1917, 02:28:12 pm,1,9,1917
Sunday, 30 September 1917, 09:30:48 pm,30,9,1917
Tuesday, 30 October 1917, 07:18:48 am,30,10,1917
Wednesday, 28 November 1917, 07:41:00 pm,28,11,1917
Friday, 28 December 1917, 10:51:18 am,28,12,1917
Sunday, 27 January 1918, 04:13:42 am,27,1,1918
Monday, 25 February 1918, 10:34:18 pm,25,2,1918
Wednesday, 27 March 1918, 04:32:24 pm,27,3,1918
Friday, 26 April 1918, 10:05:06 am,26,5,1918
Sunday, 26 May 1918, 12:32:12 am,26,5,1918
Monday, 24 June 1918, 12:37:54 pm,24,6,1918
Tuesday, 23 July 1918, 10:34:24 pm,23,7,1918
Thursday, 22 August 1918, 07:01:54 am,22,8,1918
Friday, 20 September 1918, 02:00:42 pm,20,9,1918
Saturday, 19 October 1918, 10:34:24 pm,19,10,1918
Monday, 18 November 1918, 08:32:36 am,18,11,1918
Tuesday, 17 December 1918, 08:17:06 pm,17,12,1918
Thursday, 16 January 1919, 09:44:00 am,16,1,1919
Saturday, 15 February 1919, 12:37:42 am,15,2,1919
Sunday, 16 March 1919, 04:40:42 pm,16,3,1919
Tuesday, 15 April 1919, 09:24:48 am,15,5,1919
Thursday, 15 May 1919, 02:00:54 am,15,5,1919
Friday, 13 June 1919, 05:27:54 pm,13,6,1919
Sunday, 13 July 1919, 07:01:54 am,13,7,1919
Monday, 11 August 1919, 06:39:06 pm,11,8,1919
Wednesday, 10 September 1919, 04:54:00 am,10,9,1919
Thursday, 9 October 1919, 02:38:18 pm,9,10,1919
Saturday, 8 November 1919, 12:34:48 am,8,11,1919
Sunday, 7 December 1919, 11:03:06 am,7,12,1919
Monday, 5 January 1920, 10:04:30 pm,5,1,1920
Wednesday, 4 February 1920, 09:42:00 am,4,2,1920
Thursday, 4 March 1920, 10:12:12 pm,4,3,1920
Saturday, 3 April 1920, 11:54:18 am,3,5,1920
Monday, 3 May 1920, 02:46:54 am,3,5,1920
Tuesday, 1 June 1920, 06:17:48 pm,1,6,1920
Thursday, 1 July 1920, 09:40:18 am,1,7,1920
Saturday, 31 July 1920, 12:19:00 am,31,7,1920
Sunday, 29 August 1920, 02:02:24 pm,29,8,1920
Tuesday, 28 September 1920, 02:56:18 am,28,9,1920
Wednesday, 27 October 1920, 03:08:36 pm,27,10,1920
Friday, 26 November 1920, 02:42:00 am,26,11,1920
Saturday, 25 December 1920, 01:38:12 pm,25,12,1920
Monday, 24 January 1921, 12:07:30 am,24,1,1921
Tuesday, 22 February 1921, 10:31:54 am,22,2,1921
Wednesday, 23 March 1921, 09:18:24 pm,23,3,1921
Friday, 22 April 1921, 08:49:00 am,22,5,1921
Saturday, 21 May 1921, 09:15:00 pm,21,5,1921
Monday, 20 June 1921, 10:40:54 am,20,6,1921
Wednesday, 20 July 1921, 01:07:18 am,20,7,1921
Thursday, 18 August 1921, 04:28:00 pm,18,8,1921
Saturday, 17 September 1921, 08:19:36 am,17,9,1921
Sunday, 16 October 1921, 11:59:12 pm,16,10,1921
Tuesday, 15 November 1921, 02:38:48 pm,15,11,1921
Thursday, 15 December 1921, 03:50:12 am,15,12,1921
Friday, 13 January 1922, 03:36:06 pm,13,1,1922
Sunday, 12 February 1922, 02:17:00 am,12,2,1922
Monday, 13 March 1922, 12:14:00 pm,13,3,1922
Tuesday, 11 April 1922, 09:43:12 pm,11,5,1922
Thursday, 11 May 1922, 07:05:48 am,11,5,1922
Friday, 9 June 1922, 04:57:36 pm,9,6,1922
Sunday, 9 July 1922, 04:06:54 am,9,7,1922
Monday, 7 August 1922, 05:18:24 pm,7,8,1922
Wednesday, 6 September 1922, 08:46:54 am,6,9,1922
Friday, 6 October 1922, 01:58:00 am,6,10,1922
Saturday, 4 November 1922, 07:36:12 pm,4,11,1922
Monday, 4 December 1922, 12:23:18 pm,4,12,1922
Wednesday, 3 January 1923, 03:33:12 am,3,1,1923
Thursday, 1 February 1923, 04:53:00 pm,1,2,1923
Saturday, 3 March 1923, 04:23:24 am,3,3,1923
Sunday, 1 April 1923, 02:09:36 pm,1,5,1923
Monday, 30 April 1923, 10:30:06 pm,30,5,1923
Wednesday, 30 May 1923, 06:07:00 am,30,5,1923
Thursday, 28 June 1923, 02:04:06 pm,28,6,1923
Friday, 27 July 1923, 11:32:24 pm,27,7,1923
Sunday, 26 August 1923, 11:29:12 am,26,8,1923
Tuesday, 25 September 1923, 02:15:36 am,25,9,1923
Wednesday, 24 October 1923, 07:26:06 pm,24,10,1923
Friday, 23 November 1923, 01:57:42 pm,23,11,1923
Sunday, 23 December 1923, 08:32:54 am,23,12,1923
Tuesday, 22 January 1924, 01:56:36 am,22,1,1924
Wednesday, 20 February 1924, 05:07:00 pm,20,2,1924
Friday, 21 March 1924, 05:29:54 am,21,3,1924
Saturday, 19 April 1924, 03:10:30 pm,19,5,1924
Sunday, 18 May 1924, 10:52:18 pm,18,5,1924
Tuesday, 17 June 1924, 05:41:18 am,17,6,1924
Wednesday, 16 July 1924, 12:48:48 pm,16,7,1924
Thursday, 14 August 1924, 09:18:54 pm,14,8,1924
Saturday, 13 September 1924, 07:59:42 am,13,9,1924
Sunday, 12 October 1924, 09:21:06 pm,12,10,1924
Tuesday, 11 November 1924, 01:30:30 pm,11,11,1924
Thursday, 11 December 1924, 08:03:18 am,11,12,1924
Saturday, 10 January 1925, 03:47:12 am,10,1,1925
Sunday, 8 February 1925, 10:48:54 pm,8,2,1925
Tuesday, 10 March 1925, 03:20:42 pm,10,3,1925
Thursday, 9 April 1925, 04:32:36 am,9,5,1925
Friday, 8 May 1925, 02:42:30 pm,8,5,1925
Saturday, 6 June 1925, 10:47:36 pm,6,6,1925
Monday, 6 July 1925, 05:53:36 am,6,7,1925
Tuesday, 4 August 1925, 12:58:48 pm,4,8,1925
Wednesday, 2 September 1925, 08:52:48 pm,2,9,1925
Friday, 2 October 1925, 06:22:42 am,2,10,1925
Saturday, 31 October 1925, 06:16:30 pm,31,10,1925
Monday, 30 November 1925, 09:10:48 am,30,11,1925
Wednesday, 30 December 1925, 03:01:18 am,30,12,1925
Thursday, 28 January 1926, 10:35:12 pm,28,1,1926
Saturday, 27 February 1926, 05:50:36 pm,27,2,1926
Monday, 29 March 1926, 11:00:06 am,29,3,1926
Wednesday, 28 April 1926, 01:16:30 am,28,5,1926
Thursday, 27 May 1926, 12:48:30 pm,27,5,1926
Friday, 25 June 1926, 10:12:36 pm,25,6,1926
Sunday, 25 July 1926, 06:13:12 am,25,7,1926
Monday, 23 August 1926, 01:37:36 pm,23,8,1926
Tuesday, 21 September 1926, 09:18:54 pm,21,9,1926
Thursday, 21 October 1926, 06:15:00 am,21,10,1926
Friday, 19 November 1926, 05:20:54 pm,19,11,1926
Sunday, 19 December 1926, 07:08:36 am,19,12,1926
Monday, 17 January 1927, 11:26:42 pm,17,1,1927
Wednesday, 16 February 1927, 05:17:54 pm,16,2,1927
Friday, 18 March 1927, 11:24:00 am,18,3,1927
Sunday, 17 April 1927, 04:35:12 am,17,5,1927
Monday, 16 May 1927, 08:02:36 pm,16,5,1927
Wednesday, 15 June 1927, 09:19:12 am,15,6,1927
Thursday, 14 July 1927, 08:22:18 pm,14,7,1927
Saturday, 13 August 1927, 05:37:06 am,13,8,1927
Sunday, 11 September 1927, 01:53:42 pm,11,9,1927
Monday, 10 October 1927, 10:14:30 pm,10,10,1927
Wednesday, 9 November 1927, 07:36:00 am,9,11,1927
Thursday, 8 December 1927, 06:31:48 pm,8,12,1927
Saturday, 7 January 1928, 07:07:36 am,7,1,1928
Sunday, 5 February 1928, 09:10:48 pm,5,2,1928
Tuesday, 6 March 1928, 12:26:48 pm,6,3,1928
Thursday, 5 April 1928, 04:38:12 am,5,5,1928
Friday, 4 May 1928, 09:11:42 pm,4,5,1928
Sunday, 3 June 1928, 01:13:18 pm,3,6,1928
Tuesday, 3 July 1928, 03:48:24 am,3,7,1928
Wednesday, 1 August 1928, 04:30:24 pm,1,8,1928
Friday, 31 August 1928, 03:33:54 am,31,8,1928
Saturday, 29 September 1928, 01:42:24 pm,29,9,1928
Sunday, 28 October 1928, 11:43:12 pm,28,10,1928
Tuesday, 27 November 1928, 10:05:24 am,27,11,1928
Wednesday, 26 December 1928, 08:54:36 pm,26,12,1928
Friday, 25 January 1929, 08:09:00 am,25,1,1929
Saturday, 23 February 1929, 07:58:30 pm,23,2,1929
Monday, 25 March 1929, 08:46:06 am,25,3,1929
Tuesday, 23 April 1929, 10:47:18 pm,23,5,1929
Thursday, 23 May 1929, 01:49:42 pm,23,5,1929
Saturday, 22 June 1929, 05:14:54 am,22,6,1929
Sunday, 21 July 1929, 08:20:36 pm,21,7,1929
Tuesday, 20 August 1929, 10:42:12 am,20,8,1929
Thursday, 19 September 1929, 12:15:42 am,19,9,1929
Friday, 18 October 1929, 01:05:48 pm,18,10,1929
Sunday, 17 November 1929, 01:14:06 am,17,11,1929
Monday, 16 December 1929, 12:38:06 pm,16,12,1929
Tuesday, 14 January 1930, 11:20:54 pm,14,1,1930
Thursday, 13 February 1930, 09:38:30 am,13,2,1930
Friday, 14 March 1930, 07:58:12 pm,14,3,1930
Sunday, 13 April 1930, 06:48:24 am,13,5,1930
Monday, 12 May 1930, 06:29:12 pm,12,5,1930
Wednesday, 11 June 1930, 07:11:36 am,11,6,1930
Thursday, 10 July 1930, 09:01:00 pm,10,7,1930
Saturday, 9 August 1930, 11:57:30 am,9,8,1930
Monday, 8 September 1930, 03:47:42 am,8,9,1930
Tuesday, 7 October 1930, 07:55:30 pm,7,10,1930
Thursday, 6 November 1930, 11:28:06 am,6,11,1930
Saturday, 6 December 1930, 01:39:48 am,6,12,1930
Sunday, 4 January 1931, 02:14:48 pm,4,1,1931
Tuesday, 3 February 1931, 01:25:48 am,3,2,1931
Wednesday, 4 March 1931, 11:35:54 am,4,3,1931
Thursday, 2 April 1931, 09:05:24 pm,2,5,1931
Saturday, 2 May 1931, 06:14:18 am,2,5,1931
Sunday, 31 May 1931, 03:32:54 pm,31,5,1931
Tuesday, 30 June 1931, 01:46:48 am,30,6,1931
Wednesday, 29 July 1931, 01:47:24 pm,29,7,1931
Friday, 28 August 1931, 04:09:24 am,28,8,1931
Saturday, 26 September 1931, 08:44:48 pm,26,9,1931
Monday, 26 October 1931, 02:33:54 pm,26,10,1931
Wednesday, 25 November 1931, 08:09:48 am,25,11,1931
Friday, 25 December 1931, 12:23:24 am,25,12,1931
Saturday, 23 January 1932, 02:44:06 pm,23,1,1932
Monday, 22 February 1932, 03:07:18 am,22,2,1932
Tuesday, 22 March 1932, 01:37:18 pm,22,3,1932
Wednesday, 20 April 1932, 10:27:00 pm,20,5,1932
Friday, 20 May 1932, 06:08:36 am,20,5,1932
Saturday, 18 June 1932, 01:38:00 pm,18,6,1932
Sunday, 17 July 1932, 10:06:12 pm,17,7,1932
Tuesday, 16 August 1932, 08:41:24 am,16,8,1932
Wednesday, 14 September 1932, 10:06:00 pm,14,9,1932
Friday, 14 October 1932, 02:17:36 pm,14,10,1932
Sunday, 13 November 1932, 08:28:00 am,13,11,1932
Tuesday, 13 December 1932, 03:20:54 am,13,12,1932
Wednesday, 11 January 1933, 09:35:36 pm,11,1,1933
Friday, 10 February 1933, 02:00:24 pm,10,2,1933
Sunday, 12 March 1933, 03:45:36 am,12,3,1933
Monday, 10 April 1933, 02:37:36 pm,10,5,1933
Tuesday, 9 May 1933, 11:04:18 pm,9,5,1933
Thursday, 8 June 1933, 06:04:36 am,8,6,1933
Friday, 7 July 1933, 12:50:30 pm,7,7,1933
Saturday, 5 August 1933, 08:31:30 pm,5,8,1933
Monday, 4 September 1933, 06:04:18 am,4,9,1933
Tuesday, 3 October 1933, 06:07:36 pm,3,10,1933
Thursday, 2 November 1933, 08:59:12 am,2,11,1933
Saturday, 2 December 1933, 02:30:54 am,2,12,1933
Sunday, 31 December 1933, 09:53:54 pm,31,12,1933
Tuesday, 30 January 1934, 05:31:24 pm,30,1,1934
Thursday, 1 March 1934, 11:25:36 am,1,3,1934
Saturday, 31 March 1934, 02:14:30 am,31,3,1934
Sunday, 29 April 1934, 01:45:24 pm,29,5,1934
Monday, 28 May 1934, 10:41:18 pm,28,5,1934
Wednesday, 27 June 1934, 06:07:48 am,27,6,1934
Thursday, 26 July 1934, 01:08:30 pm,26,7,1934
Friday, 24 August 1934, 08:36:42 pm,24,8,1934
Sunday, 23 September 1934, 05:18:48 am,23,9,1934
Monday, 22 October 1934, 04:01:00 pm,22,10,1934
Wednesday, 21 November 1934, 05:26:12 am,21,11,1934
Thursday, 20 December 1934, 09:53:12 pm,20,12,1934
Saturday, 19 January 1935, 04:44:12 pm,19,1,1935
Monday, 18 February 1935, 12:17:06 pm,18,2,1935
Wednesday, 20 March 1935, 06:31:18 am,20,3,1935
Thursday, 18 April 1935, 10:09:36 pm,18,5,1935
Saturday, 18 May 1935, 10:57:00 am,18,5,1935
Sunday, 16 June 1935, 09:20:00 pm,16,6,1935
Tuesday, 16 July 1935, 06:00:24 am,16,7,1935
Wednesday, 14 August 1935, 01:43:30 pm,14,8,1935
Thursday, 12 September 1935, 09:18:12 pm,12,9,1935
Saturday, 12 October 1935, 05:39:00 am,12,10,1935
Sunday, 10 November 1935, 03:41:42 pm,10,11,1935
Tuesday, 10 December 1935, 04:10:12 am,10,12,1935
Wednesday, 8 January 1936, 07:14:36 pm,8,1,1936
Friday, 7 February 1936, 12:18:48 pm,7,2,1936
Sunday, 8 March 1936, 06:13:30 am,8,3,1936
Monday, 6 April 1936, 11:46:18 pm,6,5,1936
Wednesday, 6 May 1936, 04:01:06 pm,6,5,1936
Friday, 5 June 1936, 06:22:18 am,5,6,1936
Saturday, 4 July 1936, 06:34:24 pm,4,7,1936
Monday, 3 August 1936, 04:47:12 am,3,8,1936
Tuesday, 1 September 1936, 01:37:18 pm,1,9,1936
Wednesday, 30 September 1936, 10:00:48 pm,30,9,1936
Friday, 30 October 1936, 06:57:30 am,30,10,1936
Saturday, 28 November 1936, 05:11:48 pm,28,11,1936
Monday, 28 December 1936, 05:00:06 am,28,12,1936
Tuesday, 26 January 1937, 06:15:18 pm,26,1,1937
Thursday, 25 February 1937, 08:43:12 am,25,2,1937
Saturday, 27 March 1937, 12:12:12 am,27,3,1937
Sunday, 25 April 1937, 04:23:30 pm,25,5,1937
Tuesday, 25 May 1937, 08:37:36 am,25,5,1937
Wednesday, 23 June 1937, 11:59:30 pm,23,6,1937
Friday, 23 July 1937, 01:45:30 pm,23,7,1937
Sunday, 22 August 1937, 01:47:00 am,22,8,1937
Monday, 20 September 1937, 12:32:24 pm,20,9,1937
Tuesday, 19 October 1937, 10:47:24 pm,19,10,1937
Thursday, 18 November 1937, 09:09:30 am,18,11,1937
Friday, 17 December 1937, 07:52:24 pm,17,12,1937
Sunday, 16 January 1938, 06:53:18 am,16,1,1938
Monday, 14 February 1938, 06:14:24 pm,14,2,1938
Wednesday, 16 March 1938, 06:15:06 am,16,3,1938
Thursday, 14 April 1938, 07:20:48 pm,14,5,1938
Saturday, 14 May 1938, 09:38:54 am,14,5,1938
Monday, 13 June 1938, 12:47:00 am,13,6,1938
Tuesday, 12 July 1938, 04:04:30 pm,12,7,1938
Thursday, 11 August 1938, 06:56:48 am,11,8,1938
Friday, 9 September 1938, 09:08:06 pm,9,9,1938
Sunday, 9 October 1938, 10:37:00 am,9,10,1938
Monday, 7 November 1938, 11:23:24 pm,7,11,1938
Wednesday, 7 December 1938, 11:22:06 am,7,12,1938
Thursday, 5 January 1939, 10:29:42 pm,5,1,1939
Saturday, 4 February 1939, 08:54:36 am,4,2,1939
Sunday, 5 March 1939, 07:00:24 pm,5,3,1939
Tuesday, 4 April 1939, 05:18:00 am,4,5,1939
Wednesday, 3 May 1939, 04:15:18 pm,3,5,1939
Friday, 2 June 1939, 04:10:54 am,2,6,1939
Saturday, 1 July 1939, 05:16:00 pm,1,7,1939
Monday, 31 July 1939, 07:36:30 am,31,7,1939
Tuesday, 29 August 1939, 11:08:36 pm,29,8,1939
Thursday, 28 September 1939, 03:27:00 pm,28,9,1939
Saturday, 28 October 1939, 07:41:36 am,28,10,1939
Sunday, 26 November 1939, 10:54:18 pm,26,11,1939
Tuesday, 26 December 1939, 12:28:24 pm,26,12,1939
Thursday, 25 January 1940, 12:21:54 am,25,1,1940
Friday, 23 February 1940, 10:55:24 am,23,2,1940
Saturday, 23 March 1940, 08:33:12 pm,23,3,1940
Monday, 22 April 1940, 06:36:54 am,22,5,1940
Tuesday, 21 May 1940, 03:32:54 pm,21,5,1940
Thursday, 20 June 1940, 01:01:36 am,20,6,1940
Friday, 19 July 1940, 11:55:18 am,19,7,1940
Sunday, 18 August 1940, 01:02:24 am,18,8,1940
Monday, 16 September 1940, 04:40:42 pm,16,9,1940
Wednesday, 16 October 1940, 10:14:54 am,16,10,1940
Friday, 15 November 1940, 04:23:12 am,15,11,1940
Saturday, 14 December 1940, 09:37:36 pm,14,12,1940
Monday, 13 January 1941, 01:04:00 pm,13,1,1941
Wednesday, 12 February 1941, 02:26:24 am,12,2,1941
Thursday, 13 March 1941, 01:46:42 pm,13,3,1941
Friday, 11 April 1941, 11:15:00 pm,11,5,1941
Sunday, 11 May 1941, 07:15:18 am,11,5,1941
Monday, 9 June 1941, 02:34:00 pm,9,6,1941
Tuesday, 8 July 1941, 10:17:18 pm,8,7,1941
Thursday, 7 August 1941, 07:38:18 am,7,8,1941
Friday, 5 September 1941, 07:35:54 pm,5,9,1941
Sunday, 5 October 1941, 10:32:12 am,5,10,1941
Tuesday, 4 November 1941, 03:59:42 am,4,11,1941
Wednesday, 3 December 1941, 10:50:54 pm,3,12,1941
Friday, 2 January 1942, 05:41:42 pm,2,1,1942
Sunday, 1 February 1942, 11:12:18 am,1,2,1942
Tuesday, 3 March 1942, 02:19:48 am,3,3,1942
Wednesday, 1 April 1942, 02:32:12 pm,1,5,1942
Thursday, 30 April 1942, 11:59:30 pm,30,5,1942
Saturday, 30 May 1942, 07:28:54 am,30,5,1942
Sunday, 28 June 1942, 02:09:18 pm,28,6,1942
Monday, 27 July 1942, 09:13:36 pm,27,7,1942
Wednesday, 26 August 1942, 05:46:06 am,26,8,1942
Thursday, 24 September 1942, 04:34:06 pm,24,9,1942
Saturday, 24 October 1942, 06:05:18 am,24,10,1942
Sunday, 22 November 1942, 09:24:12 pm,22,11,1942
Tuesday, 22 December 1942, 04:03:06 pm,22,12,1942
Thursday, 21 January 1943, 11:47:48 am,21,1,1943
Saturday, 20 February 1943, 06:44:42 am,20,2,1943
Sunday, 21 March 1943, 11:08:00 pm,21,3,1943
Tuesday, 20 April 1943, 01:10:30 pm,20,5,1943
Wednesday, 19 May 1943, 11:12:48 pm,19,5,1943
Friday, 18 June 1943, 07:14:00 am,18,6,1943
Saturday, 17 July 1943, 02:21:30 pm,17,7,1943
Sunday, 15 August 1943, 09:33:54 pm,15,8,1943
Tuesday, 14 September 1943, 05:39:36 am,14,9,1943
Wednesday, 13 October 1943, 02:22:36 pm,13,10,1943
Friday, 12 November 1943, 02:26:36 am,12,11,1943
Saturday, 11 December 1943, 05:24:24 pm,11,12,1943
Monday, 10 January 1944, 11:09:18 am,10,1,1944
Wednesday, 9 February 1944, 06:29:30 am,9,2,1944
Friday, 10 March 1944, 01:27:36 am,10,3,1944
Saturday, 8 April 1944, 07:21:36 pm,8,5,1944
Monday, 8 May 1944, 09:28:06 am,8,5,1944
Tuesday, 6 June 1944, 08:57:36 pm,6,6,1944
Thursday, 6 July 1944, 06:26:42 am,6,7,1944
Friday, 4 August 1944, 02:39:12 pm,4,8,1944
Saturday, 2 September 1944, 10:20:54 pm,2,9,1944
Monday, 2 October 1944, 05:21:42 am,2,10,1944
Tuesday, 31 October 1944, 02:35:24 pm,31,10,1944
Thursday, 30 November 1944, 01:51:42 am,30,11,1944
Friday, 29 December 1944, 03:38:06 pm,29,12,1944
Sunday, 28 January 1945, 07:41:06 am,28,1,1945
Tuesday, 27 February 1945, 01:06:42 am,27,2,1945
Wednesday, 28 March 1945, 06:44:24 pm,28,3,1945
Friday, 27 April 1945, 12:32:42 pm,27,5,1945
Sunday, 27 May 1945, 04:48:48 am,27,5,1945
Monday, 25 June 1945, 06:07:54 pm,25,6,1945
Wednesday, 25 July 1945, 05:25:30 am,25,7,1945
Thursday, 23 August 1945, 03:02:54 pm,23,8,1945
Friday, 21 September 1945, 11:45:36 pm,21,9,1945
Sunday, 21 October 1945, 07:31:42 am,21,10,1945
Monday, 19 November 1945, 04:12:48 pm,19,11,1945
Wednesday, 19 December 1945, 03:17:24 am,19,12,1945
Thursday, 17 January 1946, 03:46:30 pm,17,1,1946
Saturday, 16 February 1946, 05:27:48 am,16,2,1946
Sunday, 17 March 1946, 08:11:00 pm,17,3,1946
Tuesday, 16 April 1946, 12:47:00 pm,16,5,1946
Thursday, 16 May 1946, 04:52:30 am,16,5,1946
Friday, 14 June 1946, 08:41:36 pm,14,6,1946
Sunday, 14 July 1946, 11:22:36 am,14,7,1946
Tuesday, 13 August 1946, 12:25:48 am,13,8,1946
Wednesday, 11 September 1946, 11:59:24 am,11,9,1946
Thursday, 10 October 1946, 09:40:24 pm,10,10,1946
Saturday, 9 November 1946, 08:10:12 am,9,11,1946
Sunday, 8 December 1946, 06:52:00 pm,8,12,1946
Tuesday, 7 January 1947, 05:46:42 am,7,1,1947
Wednesday, 5 February 1947, 04:50:24 pm,5,2,1947
Friday, 7 March 1947, 04:15:06 am,7,3,1947
Saturday, 5 April 1947, 04:28:18 pm,5,5,1947
Monday, 5 May 1947, 06:53:12 am,5,5,1947
Tuesday, 3 June 1947, 10:26:42 pm,3,6,1947
Thursday, 3 July 1947, 12:38:30 pm,3,7,1947
Saturday, 2 August 1947, 03:49:54 am,2,8,1947
Sunday, 31 August 1947, 06:34:00 pm,31,8,1947
Tuesday, 30 September 1947, 08:40:48 am,30,9,1947
Wednesday, 29 October 1947, 09:06:48 pm,29,10,1947
Friday, 28 November 1947, 09:45:12 am,28,11,1947
Saturday, 27 December 1947, 09:26:54 pm,27,12,1947
Monday, 26 January 1948, 08:11:24 am,26,1,1948
Tuesday, 24 February 1948, 06:15:36 pm,24,2,1948
Thursday, 25 March 1948, 04:10:06 am,25,3,1948
Friday, 23 April 1948, 03:28:18 pm,23,5,1948
Sunday, 23 May 1948, 02:37:00 am,23,5,1948
Monday, 21 June 1948, 02:54:00 pm,21,6,1948
Wednesday, 21 July 1948, 04:31:00 am,21,7,1948
Thursday, 19 August 1948, 07:31:42 pm,19,8,1948
Saturday, 18 September 1948, 11:42:48 am,18,9,1948
Monday, 18 October 1948, 03:23:24 am,18,10,1948
Tuesday, 16 November 1948, 07:31:24 pm,16,11,1948
Thursday, 16 December 1948, 10:10:54 am,16,12,1948
Friday, 14 January 1949, 10:59:30 pm,14,1,1949
Sunday, 13 February 1949, 10:08:12 am,13,2,1949
Monday, 14 March 1949, 08:02:48 pm,14,3,1949
Wednesday, 13 April 1949, 06:08:24 am,13,5,1949
Thursday, 12 May 1949, 02:50:48 pm,12,5,1949
Friday, 10 June 1949, 11:45:12 pm,10,6,1949
Sunday, 10 July 1949, 09:41:06 am,10,7,1949
Monday, 8 August 1949, 09:33:12 pm,8,8,1949
Wednesday, 7 September 1949, 11:59:18 am,7,9,1949
Friday, 7 October 1949, 03:52:36 am,7,10,1949
Saturday, 5 November 1949, 10:09:00 pm,5,11,1949
Monday, 5 December 1949, 04:13:30 pm,5,12,1949
Wednesday, 4 January 1950, 08:47:48 am,4,1,1950
Thursday, 2 February 1950, 11:16:06 pm,2,2,1950
Saturday, 4 March 1950, 11:33:48 am,4,3,1950
Sunday, 2 April 1950, 09:48:48 pm,2,5,1950
Tuesday, 2 May 1950, 06:19:30 am,2,5,1950
Wednesday, 31 May 1950, 01:43:00 pm,31,5,1950
Thursday, 29 June 1950, 08:58:06 pm,29,6,1950
Saturday, 29 July 1950, 05:17:36 am,29,7,1950
Sunday, 27 August 1950, 03:50:54 pm,27,8,1950
Tuesday, 26 September 1950, 05:21:24 am,26,9,1950
Wednesday, 25 October 1950, 09:46:24 pm,25,10,1950
Friday, 24 November 1950, 04:14:06 pm,24,11,1950
Sunday, 24 December 1950, 11:22:54 am,24,12,1950
Tuesday, 23 January 1951, 05:47:00 am,23,1,1951
Wednesday, 21 February 1951, 10:12:12 pm,21,2,1951
Friday, 23 March 1951, 11:49:48 am,23,3,1951
Saturday, 21 April 1951, 10:29:54 pm,21,5,1951
Monday, 21 May 1951, 06:44:42 am,21,5,1951
Tuesday, 19 June 1951, 01:35:54 pm,19,6,1951
Wednesday, 18 July 1951, 08:17:24 pm,18,7,1951
Friday, 17 August 1951, 03:59:24 am,17,8,1951
Saturday, 15 September 1951, 01:38:24 pm,15,9,1951
Monday, 15 October 1951, 01:50:54 am,15,10,1951
Tuesday, 13 November 1951, 04:52:06 pm,13,11,1951
Thursday, 13 December 1951, 10:30:24 am,13,12,1951
Saturday, 12 January 1952, 05:55:00 am,12,1,1952
Monday, 11 February 1952, 01:28:12 am,11,2,1952
Tuesday, 11 March 1952, 07:13:54 pm,11,3,1952
Thursday, 10 April 1952, 09:53:12 am,10,5,1952
Friday, 9 May 1952, 09:15:48 pm,9,5,1952
Sunday, 8 June 1952, 06:06:54 am,8,6,1952
Monday, 7 July 1952, 01:33:30 pm,7,7,1952
Tuesday, 5 August 1952, 08:40:00 pm,5,8,1952
Thursday, 4 September 1952, 04:19:18 am,4,9,1952
Friday, 3 October 1952, 01:15:12 pm,3,10,1952
Sunday, 2 November 1952, 12:09:42 am,2,11,1952
Monday, 1 December 1952, 01:41:24 pm,1,12,1952
Wednesday, 31 December 1952, 06:05:36 am,31,12,1952
Friday, 30 January 1953, 12:44:12 am,30,1,1953
Saturday, 28 February 1953, 07:58:42 pm,28,2,1953
Monday, 30 March 1953, 01:54:54 pm,30,3,1953
Wednesday, 29 April 1953, 05:20:24 am,29,5,1953
Thursday, 28 May 1953, 06:02:54 pm,28,5,1953
Saturday, 27 June 1953, 04:29:18 am,27,6,1953
Sunday, 26 July 1953, 01:20:36 pm,26,7,1953
Monday, 24 August 1953, 09:20:42 pm,24,8,1953
Wednesday, 23 September 1953, 05:15:36 am,23,9,1953
Thursday, 22 October 1953, 01:55:42 pm,22,10,1953
Saturday, 21 November 1953, 12:12:06 am,21,11,1953
Sunday, 20 December 1953, 12:43:30 pm,20,12,1953
Tuesday, 19 January 1954, 03:36:48 am,19,1,1954
Wednesday, 17 February 1954, 08:17:18 pm,17,2,1954
Friday, 19 March 1954, 01:42:24 pm,19,3,1954
Sunday, 18 April 1954, 06:48:30 am,18,5,1954
Monday, 17 May 1954, 10:46:54 pm,17,5,1954
Wednesday, 16 June 1954, 01:05:42 pm,16,6,1954
Friday, 16 July 1954, 01:29:00 am,16,7,1954
Saturday, 14 August 1954, 12:03:00 pm,14,8,1954
Sunday, 12 September 1954, 09:19:24 pm,12,9,1954
Tuesday, 12 October 1954, 06:09:48 am,12,10,1954
Wednesday, 10 November 1954, 03:29:06 pm,10,11,1954
Friday, 10 December 1954, 01:56:36 am,10,12,1954
Saturday, 8 January 1955, 01:44:06 pm,8,1,1955
Monday, 7 February 1955, 02:42:42 am,7,2,1955
Tuesday, 8 March 1955, 04:41:12 pm,8,3,1955
Thursday, 7 April 1955, 07:34:48 am,7,5,1955
Friday, 6 May 1955, 11:14:00 pm,6,5,1955
Sunday, 5 June 1955, 03:08:24 pm,5,6,1955
Tuesday, 5 July 1955, 06:28:36 am,5,7,1955
Wednesday, 3 August 1955, 08:30:06 pm,3,8,1955
Friday, 2 September 1955, 08:59:18 am,2,9,1955
Saturday, 1 October 1955, 08:17:24 pm,1,10,1955
Monday, 31 October 1955, 07:03:48 am,31,10,1955
Tuesday, 29 November 1955, 05:49:48 pm,29,11,1955
Thursday, 29 December 1955, 04:43:54 am,29,12,1955
Friday, 27 January 1956, 03:40:18 pm,27,1,1956
Sunday, 26 February 1956, 02:41:36 am,26,2,1956
Monday, 26 March 1956, 02:11:06 pm,26,3,1956
Wednesday, 25 April 1956, 02:40:30 am,25,5,1956
Thursday, 24 May 1956, 04:25:48 pm,24,5,1956
Saturday, 23 June 1956, 07:13:30 am,23,6,1956
Sunday, 22 July 1956, 10:29:00 pm,22,7,1956
Tuesday, 21 August 1956, 01:37:48 pm,21,8,1956
Thursday, 20 September 1956, 04:19:24 am,20,9,1956
Friday, 19 October 1956, 06:24:36 pm,19,10,1956
Sunday, 18 November 1956, 07:44:36 am,18,11,1956
Monday, 17 December 1956, 08:06:18 pm,17,12,1956
Wednesday, 16 January 1957, 07:21:24 am,16,1,1957
Thursday, 14 February 1957, 05:37:48 pm,14,2,1957
Saturday, 16 March 1957, 03:21:48 am,16,3,1957
Sunday, 14 April 1957, 01:09:18 pm,14,5,1957
Monday, 13 May 1957, 11:34:18 pm,13,5,1957
Wednesday, 12 June 1957, 11:01:54 am,12,6,1957
Thursday, 11 July 1957, 11:49:42 pm,11,7,1957
Saturday, 10 August 1957, 02:08:12 pm,10,8,1957
Monday, 9 September 1957, 05:55:06 am,9,9,1957
Tuesday, 8 October 1957, 10:42:12 pm,8,10,1957
Thursday, 7 November 1957, 03:32:00 pm,7,11,1957
Saturday, 7 December 1957, 07:15:54 am,7,12,1957
Sunday, 5 January 1958, 09:08:48 pm,5,1,1958
Tuesday, 4 February 1958, 09:05:30 am,4,2,1958
Wednesday, 5 March 1958, 07:27:54 pm,5,3,1958
Friday, 4 April 1958, 04:44:48 am,4,5,1958
Saturday, 3 May 1958, 01:23:18 pm,3,5,1958
Sunday, 1 June 1958, 09:55:06 pm,1,6,1958
Tuesday, 1 July 1958, 07:04:30 am,1,7,1958
Wednesday, 30 July 1958, 05:46:48 pm,30,7,1958
Friday, 29 August 1958, 06:53:24 am,29,8,1958
Saturday, 27 September 1958, 10:43:42 pm,27,9,1958
Monday, 27 October 1958, 04:41:00 pm,27,10,1958
Wednesday, 26 November 1958, 11:16:42 am,26,11,1958
Friday, 26 December 1958, 04:54:06 am,26,12,1958
Saturday, 24 January 1959, 08:32:30 pm,24,1,1959
Monday, 23 February 1959, 09:53:48 am,23,2,1959
Tuesday, 24 March 1959, 09:02:24 pm,24,3,1959
Thursday, 23 April 1959, 06:13:18 am,23,5,1959
Friday, 22 May 1959, 01:55:48 pm,22,5,1959
Saturday, 20 June 1959, 08:59:42 pm,20,6,1959
Monday, 20 July 1959, 04:33:12 am,20,7,1959
Tuesday, 18 August 1959, 01:50:30 pm,18,8,1959
Thursday, 17 September 1959, 01:51:36 am,17,9,1959
Friday, 16 October 1959, 04:58:30 pm,16,10,1959
Sunday, 15 November 1959, 10:41:48 am,15,11,1959
Tuesday, 15 December 1959, 05:48:48 am,15,12,1959
Thursday, 14 January 1960, 12:50:36 am,14,1,1960
Friday, 12 February 1960, 06:23:54 pm,12,2,1960
Sunday, 13 March 1960, 09:25:48 am,13,3,1960
Monday, 11 April 1960, 09:27:18 pm,11,5,1960
Wednesday, 11 May 1960, 06:42:18 am,11,5,1960
Thursday, 9 June 1960, 02:01:48 pm,9,6,1960
Friday, 8 July 1960, 08:36:36 pm,8,7,1960
Sunday, 7 August 1960, 03:40:54 am,7,8,1960
Monday, 5 September 1960, 12:18:42 pm,5,9,1960
Tuesday, 4 October 1960, 11:16:06 pm,4,10,1960
Thursday, 3 November 1960, 12:57:36 pm,3,11,1960
Saturday, 3 December 1960, 05:24:24 am,3,12,1960
Monday, 2 January 1961, 12:05:54 am,2,1,1961
Tuesday, 31 January 1961, 07:46:42 pm,31,1,1961
Thursday, 2 March 1961, 02:34:36 pm,2,3,1961
Saturday, 1 April 1961, 06:47:06 am,1,5,1961
Sunday, 30 April 1961, 07:40:30 pm,30,5,1961
Tuesday, 30 May 1961, 05:37:00 am,30,5,1961
Wednesday, 28 June 1961, 01:37:30 pm,28,6,1961
Thursday, 27 July 1961, 08:50:06 pm,27,7,1961
Saturday, 26 August 1961, 04:13:18 am,26,8,1961
Sunday, 24 September 1961, 12:33:24 pm,24,9,1961
Monday, 23 October 1961, 10:30:30 pm,23,10,1961
Wednesday, 22 November 1961, 10:43:42 am,22,11,1961
Friday, 22 December 1961, 01:41:48 am,22,12,1961
Saturday, 20 January 1962, 07:16:18 pm,20,1,1962
Monday, 19 February 1962, 02:17:54 pm,19,2,1962
Wednesday, 21 March 1962, 08:55:24 am,21,3,1962
Friday, 20 April 1962, 01:33:18 am,20,5,1962
Saturday, 19 May 1962, 03:31:48 pm,19,5,1962
Monday, 18 June 1962, 03:02:12 am,18,6,1962
Tuesday, 17 July 1962, 12:40:30 pm,17,7,1962
Wednesday, 15 August 1962, 09:09:12 pm,15,8,1962
Friday, 14 September 1962, 05:11:18 am,14,9,1962
Saturday, 13 October 1962, 01:32:54 pm,13,10,1962
Sunday, 11 November 1962, 11:03:24 pm,11,11,1962
Tuesday, 11 December 1962, 10:27:24 am,11,12,1962
Thursday, 10 January 1963, 12:08:06 am,10,1,1963
Friday, 8 February 1963, 03:51:36 pm,8,2,1963
Sunday, 10 March 1963, 08:48:36 am,10,3,1963
Tuesday, 9 April 1963, 01:56:42 am,9,5,1963
Wednesday, 8 May 1963, 06:23:12 pm,8,5,1963
Friday, 7 June 1963, 09:30:36 am,7,6,1963
Saturday, 6 July 1963, 10:55:24 pm,6,7,1963
Monday, 5 August 1963, 10:30:48 am,5,8,1963
Tuesday, 3 September 1963, 08:33:30 pm,3,9,1963
Thursday, 3 October 1963, 05:43:54 am,3,10,1963
Friday, 1 November 1963, 02:55:12 pm,1,11,1963
Sunday, 1 December 1963, 12:54:00 am,1,12,1963
Monday, 30 December 1963, 12:03:48 pm,30,12,1963
Wednesday, 29 January 1964, 12:22:42 am,29,1,1964
Thursday, 27 February 1964, 01:39:12 pm,27,2,1964
Saturday, 28 March 1964, 03:48:18 am,28,3,1964
Sunday, 26 April 1964, 06:49:30 pm,26,5,1964
Tuesday, 26 May 1964, 10:28:48 am,26,5,1964
Thursday, 25 June 1964, 02:08:00 am,25,6,1964
Friday, 24 July 1964, 04:57:48 pm,24,7,1964
Sunday, 23 August 1964, 06:24:54 am,23,8,1964
Monday, 21 September 1964, 06:30:42 pm,21,9,1964
Wednesday, 21 October 1964, 05:45:00 am,21,10,1964
Thursday, 19 November 1964, 04:42:42 pm,19,11,1964
Saturday, 19 December 1964, 03:41:12 am,19,12,1964
Sunday, 17 January 1965, 02:37:18 pm,17,1,1965
Tuesday, 16 February 1965, 01:26:36 am,16,2,1965
Wednesday, 17 March 1965, 12:23:48 pm,17,3,1965
Friday, 16 April 1965, 12:02:06 am,16,5,1965
Saturday, 15 May 1965, 12:51:54 pm,15,5,1965
Monday, 14 June 1965, 02:59:18 am,14,6,1965
Tuesday, 13 July 1965, 06:01:24 pm,13,7,1965
Thursday, 12 August 1965, 09:22:06 am,12,8,1965
Saturday, 11 September 1965, 12:31:54 am,11,9,1965
Sunday, 10 October 1965, 03:13:36 pm,10,10,1965
Tuesday, 9 November 1965, 05:15:12 am,9,11,1965
Wednesday, 8 December 1965, 06:21:06 pm,8,12,1965
Friday, 7 January 1966, 06:16:06 am,7,1,1966
Saturday, 5 February 1966, 04:57:54 pm,5,2,1966
Monday, 7 March 1966, 02:45:12 am,7,3,1966
Tuesday, 5 April 1966, 12:13:06 pm,5,5,1966
Wednesday, 4 May 1966, 10:00:30 pm,4,5,1966
Friday, 3 June 1966, 08:40:12 am,3,6,1966
Saturday, 2 July 1966, 08:36:18 pm,2,7,1966
Monday, 1 August 1966, 10:05:12 am,1,8,1966
Wednesday, 31 August 1966, 01:13:36 am,31,8,1966
Thursday, 29 September 1966, 05:47:18 pm,29,9,1966
Saturday, 29 October 1966, 11:00:00 am,29,10,1966
Monday, 28 November 1966, 03:40:24 am,28,11,1966
Tuesday, 27 December 1966, 06:43:06 pm,27,12,1966
Thursday, 26 January 1967, 07:40:24 am,26,1,1967
Friday, 24 February 1967, 06:43:18 pm,24,2,1967
Sunday, 26 March 1967, 04:20:48 am,26,3,1967
Monday, 24 April 1967, 01:03:24 pm,24,5,1967
Tuesday, 23 May 1967, 09:22:18 pm,23,5,1967
Thursday, 22 June 1967, 05:56:48 am,22,6,1967
Friday, 21 July 1967, 03:39:06 pm,21,7,1967
Sunday, 20 August 1967, 03:26:42 am,20,8,1967
Monday, 18 September 1967, 05:59:24 pm,18,9,1967
Wednesday, 18 October 1967, 11:10:48 am,18,10,1967
Friday, 17 November 1967, 05:52:30 am,17,11,1967
Sunday, 17 December 1967, 12:21:18 am,17,12,1967
Monday, 15 January 1968, 05:11:12 pm,15,1,1968
Wednesday, 14 February 1968, 07:42:54 am,14,2,1968
Thursday, 14 March 1968, 07:52:18 pm,14,3,1968
Saturday, 13 April 1968, 05:51:42 am,13,5,1968
Sunday, 12 May 1968, 02:04:48 pm,12,5,1968
Monday, 10 June 1968, 09:13:00 pm,10,6,1968
Wednesday, 10 July 1968, 04:17:36 am,10,7,1968
Thursday, 8 August 1968, 12:32:18 pm,8,8,1968
Friday, 6 September 1968, 11:07:12 pm,6,9,1968
Sunday, 6 October 1968, 12:46:06 pm,6,10,1968
Tuesday, 5 November 1968, 05:24:36 am,5,11,1968
Thursday, 5 December 1968, 12:07:18 am,5,12,1968
Friday, 3 January 1969, 07:27:36 pm,3,1,1969
Sunday, 2 February 1969, 01:55:48 pm,2,2,1969
Tuesday, 4 March 1969, 06:17:00 am,4,3,1969
Wednesday, 2 April 1969, 07:44:54 pm,2,5,1969
Friday, 2 May 1969, 06:13:24 am,2,5,1969
Saturday, 31 May 1969, 02:18:12 pm,31,5,1969
Sunday, 29 June 1969, 09:03:42 pm,29,6,1969
Tuesday, 29 July 1969, 03:45:00 am,29,7,1969
Wednesday, 27 August 1969, 11:32:24 am,27,8,1969
Thursday, 25 September 1969, 09:20:48 pm,25,9,1969
Saturday, 25 October 1969, 09:44:12 am,25,10,1969
Monday, 24 November 1969, 12:53:42 am,24,11,1969
Tuesday, 23 December 1969, 06:34:54 pm,23,12,1969
Thursday, 22 January 1970, 01:55:18 pm,22,1,1970
Saturday, 21 February 1970, 09:18:42 am,21,2,1970
Monday, 23 March 1970, 02:52:24 am,23,3,1970
Tuesday, 21 April 1970, 05:21:18 pm,21,5,1970
Thursday, 21 May 1970, 04:37:36 am,21,5,1970
Friday, 19 June 1970, 01:27:24 pm,19,6,1970
Saturday, 18 July 1970, 08:58:30 pm,18,7,1970
Monday, 17 August 1970, 04:15:18 am,17,8,1970
Tuesday, 15 September 1970, 12:09:24 pm,15,9,1970
Wednesday, 14 October 1970, 09:21:12 pm,14,10,1970
Friday, 13 November 1970, 08:27:54 am,13,11,1970
Saturday, 12 December 1970, 10:03:18 pm,12,12,1970
Monday, 11 January 1971, 02:20:18 pm,11,1,1971
Wednesday, 10 February 1971, 08:41:24 am,10,2,1971
Friday, 12 March 1971, 03:33:36 am,12,3,1971
Saturday, 10 April 1971, 09:10:00 pm,10,5,1971
Monday, 10 May 1971, 12:23:30 pm,10,5,1971
Wednesday, 9 June 1971, 01:03:36 am,9,6,1971
Thursday, 8 July 1971, 11:36:36 am,8,7,1971
Friday, 6 August 1971, 08:42:18 pm,6,8,1971
Sunday, 5 September 1971, 05:02:24 am,5,9,1971
Monday, 4 October 1971, 01:19:30 pm,4,10,1971
Tuesday, 2 November 1971, 10:19:24 pm,2,11,1971
Thursday, 2 December 1971, 08:48:06 am,2,12,1971
Friday, 31 December 1971, 09:19:30 pm,31,12,1971
Sunday, 30 January 1972, 11:58:12 am,30,1,1972
Tuesday, 29 February 1972, 04:11:54 am,29,2,1972
Wednesday, 29 March 1972, 09:05:30 pm,29,3,1972
Friday, 28 April 1972, 01:44:30 pm,28,5,1972
Sunday, 28 May 1972, 05:27:36 am,28,5,1972
Monday, 26 June 1972, 07:46:12 pm,26,6,1972
Wednesday, 26 July 1972, 08:23:30 am,26,7,1972
Thursday, 24 August 1972, 07:21:42 pm,24,8,1972
Saturday, 23 September 1972, 05:06:42 am,23,9,1972
Sunday, 22 October 1972, 02:25:00 pm,22,10,1972
Tuesday, 21 November 1972, 12:06:30 am,21,11,1972
Wednesday, 20 December 1972, 10:45:06 am,20,12,1972
Thursday, 18 January 1973, 10:28:24 pm,18,1,1973
Saturday, 17 February 1973, 11:07:00 am,17,2,1973
Monday, 19 March 1973, 12:33:24 am,19,3,1973
Tuesday, 17 April 1973, 02:50:30 pm,17,5,1973
Thursday, 17 May 1973, 05:58:00 am,17,5,1973
Friday, 15 June 1973, 09:34:36 pm,15,6,1973
Sunday, 15 July 1973, 12:55:54 pm,15,7,1973
Tuesday, 14 August 1973, 03:16:30 am,14,8,1973
Wednesday, 12 September 1973, 04:16:18 pm,12,9,1973
Friday, 12 October 1973, 04:09:00 am,12,10,1973
Saturday, 10 November 1973, 03:26:42 pm,10,11,1973
Monday, 10 December 1973, 02:34:36 am,10,12,1973
Tuesday, 8 January 1974, 01:36:18 pm,8,1,1974
Thursday, 7 February 1974, 12:24:12 am,7,2,1974
Friday, 8 March 1974, 11:02:54 am,8,3,1974
Saturday, 6 April 1974, 10:00:18 pm,6,5,1974
Monday, 6 May 1974, 09:54:30 am,6,5,1974
Tuesday, 4 June 1974, 11:09:36 pm,4,6,1974
Thursday, 4 July 1974, 01:40:18 pm,4,7,1974
Saturday, 3 August 1974, 04:57:00 am,3,8,1974
Sunday, 1 September 1974, 08:24:48 pm,1,9,1974
Tuesday, 1 October 1974, 11:37:54 am,1,10,1974
Thursday, 31 October 1974, 02:19:00 am,31,10,1974
Friday, 29 November 1974, 04:10:06 pm,29,11,1974
Sunday, 29 December 1974, 04:50:48 am,29,12,1974
Monday, 27 January 1975, 04:09:24 pm,27,1,1975
Wednesday, 26 February 1975, 02:14:30 am,26,2,1975
Thursday, 27 March 1975, 11:36:00 am,27,3,1975
Friday, 25 April 1975, 08:54:54 pm,25,5,1975
Sunday, 25 May 1975, 06:50:36 am,25,5,1975
Monday, 23 June 1975, 05:54:12 pm,23,6,1975
Wednesday, 23 July 1975, 06:28:24 am,23,7,1975
Thursday, 21 August 1975, 08:47:36 pm,21,8,1975
Saturday, 20 September 1975, 12:50:24 pm,20,9,1975
Monday, 20 October 1975, 06:05:42 am,20,10,1975
Tuesday, 18 November 1975, 11:28:12 pm,18,11,1975
Thursday, 18 December 1975, 03:39:30 pm,18,12,1975
Saturday, 17 January 1976, 05:46:54 am,17,1,1976
Sunday, 15 February 1976, 05:43:18 pm,15,2,1976
Tuesday, 16 March 1976, 03:52:42 am,16,3,1976
Wednesday, 14 April 1976, 12:48:42 pm,14,5,1976
Thursday, 13 May 1976, 09:04:00 pm,13,5,1976
Saturday, 12 June 1976, 05:15:00 am,12,6,1976
Sunday, 11 July 1976, 02:08:54 pm,11,7,1976
Tuesday, 10 August 1976, 12:43:30 am,10,8,1976
Wednesday, 8 September 1976, 01:52:00 pm,8,9,1976
Friday, 8 October 1976, 05:55:24 am,8,10,1976
Sunday, 7 November 1976, 12:14:36 am,7,11,1976
Monday, 6 December 1976, 07:14:30 pm,6,12,1976
Wednesday, 5 January 1977, 01:10:24 pm,5,1,1977
Friday, 4 February 1977, 04:56:12 am,4,2,1977
Saturday, 5 March 1977, 06:13:12 pm,5,3,1977
Monday, 4 April 1977, 05:08:54 am,4,5,1977
Tuesday, 3 May 1977, 02:03:24 pm,3,5,1977
Wednesday, 1 June 1977, 09:30:54 pm,1,6,1977
Friday, 1 July 1977, 04:24:00 am,1,7,1977
Saturday, 30 July 1977, 11:52:12 am,30,7,1977
Sunday, 28 August 1977, 09:10:00 pm,28,8,1977
Tuesday, 27 September 1977, 09:17:24 am,27,9,1977
Thursday, 27 October 1977, 12:35:24 am,27,10,1977
Friday, 25 November 1977, 06:31:24 pm,25,11,1977
Sunday, 25 December 1977, 01:49:00 pm,25,12,1977
Tuesday, 24 January 1978, 08:55:30 am,24,1,1978
Thursday, 23 February 1978, 02:26:18 am,23,2,1978
Friday, 24 March 1978, 05:20:00 pm,24,3,1978
Sunday, 23 April 1978, 05:11:00 am,23,5,1978
Monday, 22 May 1978, 02:16:42 pm,22,5,1978
Tuesday, 20 June 1978, 09:30:30 pm,20,6,1978
Thursday, 20 July 1978, 04:04:48 am,20,7,1978
Friday, 18 August 1978, 11:14:00 am,18,8,1978
Saturday, 16 September 1978, 08:01:06 pm,16,9,1978
Monday, 16 October 1978, 07:09:30 am,16,10,1978
Tuesday, 14 November 1978, 09:00:06 pm,14,11,1978
Thursday, 14 December 1978, 01:30:36 pm,14,12,1978
Saturday, 13 January 1979, 08:08:36 am,13,1,1979
Monday, 12 February 1979, 03:39:24 am,12,2,1979
Tuesday, 13 March 1979, 10:14:18 pm,13,3,1979
Thursday, 12 April 1979, 02:15:00 pm,12,5,1979
Saturday, 12 May 1979, 03:00:54 am,12,5,1979
Sunday, 10 June 1979, 12:55:18 pm,10,6,1979
Monday, 9 July 1979, 08:59:18 pm,9,7,1979
Wednesday, 8 August 1979, 04:21:06 am,8,8,1979
Thursday, 6 September 1979, 11:58:36 am,6,9,1979
Friday, 5 October 1979, 08:35:18 pm,5,10,1979
Sunday, 4 November 1979, 06:47:06 am,4,11,1979
Monday, 3 December 1979, 07:07:42 pm,3,12,1979
Wednesday, 2 January 1980, 10:02:06 am,2,1,1980
Friday, 1 February 1980, 03:21:12 am,1,2,1980
Saturday, 1 March 1980, 09:59:42 pm,1,3,1980
Monday, 31 March 1980, 04:13:54 pm,31,3,1980
Wednesday, 30 April 1980, 09:35:18 am,30,5,1980
Thursday, 29 May 1980, 11:27:36 pm,29,5,1980
Saturday, 28 June 1980, 11:02:06 am,28,6,1980
Sunday, 27 July 1980, 08:53:36 pm,27,7,1980
Tuesday, 26 August 1980, 05:42:12 am,26,8,1980
Wednesday, 24 September 1980, 02:07:42 pm,24,9,1980
Thursday, 23 October 1980, 09:51:54 pm,23,10,1980
Saturday, 22 November 1980, 07:38:54 am,22,11,1980
Sunday, 21 December 1980, 07:08:00 pm,21,12,1980
Tuesday, 20 January 1981, 08:39:00 am,20,1,1981
Wednesday, 18 February 1981, 11:58:12 pm,18,2,1981
Friday, 20 March 1981, 04:22:30 pm,20,3,1981
Sunday, 19 April 1981, 09:58:54 am,19,5,1981
Tuesday, 19 May 1981, 02:03:36 am,19,5,1981
Wednesday, 17 June 1981, 05:04:30 pm,17,6,1981
Friday, 17 July 1981, 06:38:48 am,17,7,1981
Saturday, 15 August 1981, 06:36:36 pm,15,8,1981
Monday, 14 September 1981, 05:08:42 am,14,9,1981
Tuesday, 13 October 1981, 01:49:24 pm,13,10,1981
Wednesday, 11 November 1981, 11:26:30 pm,11,11,1981
Friday, 11 December 1981, 09:41:24 am,11,12,1981
Saturday, 9 January 1982, 08:52:48 pm,9,1,1982
Monday, 8 February 1982, 08:57:06 am,8,2,1982
Tuesday, 9 March 1982, 09:45:06 pm,9,3,1982
Thursday, 8 April 1982, 12:18:18 pm,8,5,1982
Saturday, 8 May 1982, 02:44:42 am,8,5,1982
Sunday, 6 June 1982, 05:59:24 pm,6,6,1982
Tuesday, 6 July 1982, 09:31:36 am,6,7,1982
Thursday, 5 August 1982, 12:33:48 am,5,8,1982
Friday, 3 September 1982, 02:28:12 pm,3,9,1982
Sunday, 3 October 1982, 02:08:30 am,3,10,1982
Monday, 1 November 1982, 01:56:42 pm,1,11,1982
Wednesday, 1 December 1982, 01:20:42 am,1,12,1982
Thursday, 30 December 1982, 12:32:36 pm,30,12,1982
Friday, 28 January 1983, 11:26:18 pm,28,1,1983
Sunday, 27 February 1983, 09:58:06 am,27,2,1983
Monday, 28 March 1983, 09:26:42 pm,28,3,1983
Wednesday, 27 April 1983, 08:30:42 am,27,5,1983
Thursday, 26 May 1983, 08:47:42 pm,26,5,1983
Saturday, 25 June 1983, 10:31:48 am,25,6,1983
Monday, 25 July 1983, 01:26:54 am,25,7,1983
Tuesday, 23 August 1983, 04:59:18 pm,23,8,1983
Thursday, 22 September 1983, 08:36:12 am,22,9,1983
Friday, 21 October 1983, 10:53:18 pm,21,10,1983
Sunday, 20 November 1983, 01:29:24 pm,20,11,1983
Tuesday, 20 December 1983, 03:00:18 am,20,12,1983
Wednesday, 18 January 1984, 03:05:12 pm,18,1,1984
Friday, 17 February 1984, 01:41:06 am,17,2,1984
Saturday, 17 March 1984, 11:09:42 am,17,3,1984
Sunday, 15 April 1984, 09:10:48 pm,15,5,1984
Tuesday, 15 May 1984, 06:28:36 am,15,5,1984
Wednesday, 13 June 1984, 04:41:48 pm,13,6,1984
Friday, 13 July 1984, 04:19:42 am,13,7,1984
Saturday, 11 August 1984, 05:43:12 pm,11,8,1984
Monday, 10 September 1984, 09:01:00 am,10,9,1984
Wednesday, 10 October 1984, 12:58:06 am,10,10,1984
Thursday, 8 November 1984, 06:42:36 pm,8,11,1984
Saturday, 8 December 1984, 11:53:24 am,8,12,1984
Monday, 7 January 1985, 03:16:06 am,7,1,1985
Tuesday, 5 February 1985, 04:18:48 pm,5,2,1985
Thursday, 7 March 1985, 03:13:06 am,7,3,1985
Friday, 5 April 1985, 01:32:24 pm,5,5,1985
Saturday, 4 May 1985, 09:52:48 pm,4,5,1985
Monday, 3 June 1985, 05:50:24 am,3,6,1985
Tuesday, 2 July 1985, 02:08:18 pm,2,7,1985
Wednesday, 31 July 1985, 11:40:54 pm,31,7,1985
Friday, 30 August 1985, 11:27:12 am,30,8,1985
Sunday, 29 September 1985, 02:08:30 am,29,9,1985
Monday, 28 October 1985, 06:37:30 pm,28,10,1985
Wednesday, 27 November 1985, 01:41:42 pm,27,11,1985
Friday, 27 December 1985, 08:30:18 am,27,12,1985
Sunday, 26 January 1986, 01:31:00 am,26,1,1986
Monday, 24 February 1986, 04:02:12 pm,24,2,1986
Wednesday, 26 March 1986, 04:01:48 am,26,3,1986
Thursday, 24 April 1986, 02:46:24 pm,24,5,1986
Friday, 23 May 1986, 10:44:42 pm,23,5,1986
Sunday, 22 June 1986, 05:41:48 am,22,6,1986
Monday, 21 July 1986, 12:40:12 pm,21,7,1986
Tuesday, 19 August 1986, 08:54:12 pm,19,8,1986
Thursday, 18 September 1986, 07:33:42 am,18,9,1986
Friday, 17 October 1986, 08:21:36 pm,17,10,1986
Sunday, 16 November 1986, 01:11:36 pm,16,11,1986
Tuesday, 16 December 1986, 08:04:24 am,16,12,1986
Thursday, 15 January 1987, 03:30:24 am,15,1,1987
Friday, 13 February 1987, 09:57:54 pm,13,2,1987
Sunday, 15 March 1987, 02:12:42 pm,15,3,1987
Tuesday, 14 April 1987, 04:31:00 am,14,5,1987
Wednesday, 13 May 1987, 02:50:12 pm,13,5,1987
Thursday, 11 June 1987, 10:48:48 pm,11,6,1987
Saturday, 11 July 1987, 05:32:36 am,11,7,1987
Sunday, 9 August 1987, 12:17:18 pm,9,8,1987
Monday, 7 September 1987, 08:12:54 pm,7,9,1987
Wednesday, 7 October 1987, 05:12:18 am,7,10,1987
Thursday, 5 November 1987, 05:45:54 pm,5,11,1987
Saturday, 5 December 1987, 09:01:00 am,5,12,1987
Monday, 4 January 1988, 02:40:24 am,4,1,1988
Tuesday, 2 February 1988, 09:51:30 pm,2,2,1988
Thursday, 3 March 1988, 05:01:06 pm,3,3,1988
Saturday, 2 April 1988, 11:21:18 am,2,5,1988
Monday, 2 May 1988, 01:40:48 am,2,5,1988
Tuesday, 31 May 1988, 12:53:30 pm,31,5,1988
Wednesday, 29 June 1988, 09:45:48 pm,29,6,1988
Friday, 29 July 1988, 05:25:12 am,29,7,1988
Saturday, 27 August 1988, 12:55:48 pm,27,8,1988
Sunday, 25 September 1988, 08:07:06 pm,25,9,1988
Tuesday, 25 October 1988, 05:35:30 am,25,10,1988
Wednesday, 23 November 1988, 04:53:06 pm,23,11,1988
Friday, 23 December 1988, 06:28:54 am,23,12,1988
Saturday, 21 January 1989, 10:33:30 pm,21,1,1989
Monday, 20 February 1989, 04:31:54 pm,20,2,1989
Wednesday, 22 March 1989, 10:57:54 am,22,3,1989
Friday, 21 April 1989, 05:13:18 am,21,5,1989
Saturday, 20 May 1989, 08:16:18 pm,20,5,1989
Monday, 19 June 1989, 08:57:18 am,19,6,1989
Tuesday, 18 July 1989, 07:41:36 pm,18,7,1989
Thursday, 17 August 1989, 05:06:36 am,17,8,1989
Friday, 15 September 1989, 01:50:36 pm,15,9,1989
Saturday, 14 October 1989, 09:31:54 pm,14,10,1989
Monday, 13 November 1989, 06:51:24 am,13,11,1989
Tuesday, 12 December 1989, 05:29:54 pm,12,12,1989
Thursday, 11 January 1990, 05:56:48 am,11,1,1990
Friday, 9 February 1990, 08:15:42 pm,9,2,1990
Sunday, 11 March 1990, 11:58:30 am,11,3,1990
Tuesday, 10 April 1990, 05:18:30 am,10,5,1990
Wednesday, 9 May 1990, 09:30:48 pm,9,5,1990
Friday, 8 June 1990, 01:01:06 pm,8,6,1990
Sunday, 8 July 1990, 03:23:30 am,8,7,1990
Monday, 6 August 1990, 04:19:24 pm,6,8,1990
Wednesday, 5 September 1990, 03:45:36 am,5,9,1990
Thursday, 4 October 1990, 01:01:48 pm,4,10,1990
Friday, 2 November 1990, 10:48:18 pm,2,11,1990
Sunday, 2 December 1990, 08:49:42 am,2,12,1990
Monday, 31 December 1990, 07:35:12 pm,31,12,1990
Wednesday, 30 January 1991, 07:09:42 am,30,1,1991
Thursday, 28 February 1991, 07:24:36 pm,28,2,1991
Saturday, 30 March 1991, 08:17:24 am,30,3,1991
Sunday, 28 April 1991, 10:58:30 pm,28,5,1991
Tuesday, 28 May 1991, 01:36:36 pm,28,5,1991
Thursday, 27 June 1991, 04:58:24 am,27,6,1991
Friday, 26 July 1991, 08:24:24 pm,26,7,1991
Sunday, 25 August 1991, 11:07:12 am,25,8,1991
Tuesday, 24 September 1991, 12:40:00 am,24,9,1991
Wednesday, 23 October 1991, 12:08:12 pm,23,10,1991
Thursday, 21 November 1991, 11:56:18 pm,21,11,1991
Saturday, 21 December 1991, 11:23:12 am,21,12,1991
Sunday, 19 January 1992, 10:28:30 pm,19,1,1992
Tuesday, 18 February 1992, 09:04:06 am,18,2,1992
Wednesday, 18 March 1992, 07:17:48 pm,18,3,1992
Friday, 17 April 1992, 06:42:30 am,17,5,1992
Saturday, 16 May 1992, 06:02:36 pm,16,5,1992
Monday, 15 June 1992, 06:49:42 am,15,6,1992
Tuesday, 14 July 1992, 09:06:18 pm,14,7,1992
Thursday, 13 August 1992, 12:27:12 pm,13,8,1992
Saturday, 12 September 1992, 04:16:36 am,12,9,1992
Sunday, 11 October 1992, 07:03:00 pm,11,10,1992
Tuesday, 10 November 1992, 10:20:06 am,10,11,1992
Thursday, 10 December 1992, 12:40:42 am,10,12,1992
Friday, 8 January 1993, 01:37:12 pm,8,1,1993
Sunday, 7 February 1993, 12:55:24 am,7,2,1993
Monday, 8 March 1993, 10:45:54 am,8,3,1993
Tuesday, 6 April 1993, 08:43:18 pm,6,5,1993
Thursday, 6 May 1993, 05:33:42 am,6,5,1993
Friday, 4 June 1993, 03:02:12 pm,4,6,1993
Sunday, 4 July 1993, 01:45:06 am,4,7,1993
Monday, 2 August 1993, 02:09:36 pm,2,8,1993
Wednesday, 1 September 1993, 04:32:54 am,1,9,1993
Thursday, 30 September 1993, 07:53:48 pm,30,9,1993
Saturday, 30 October 1993, 01:37:36 pm,30,10,1993
Monday, 29 November 1993, 07:30:48 am,29,11,1993
Wednesday, 29 December 1993, 12:05:24 am,29,12,1993
Thursday, 27 January 1994, 02:22:48 pm,27,1,1994
Saturday, 26 February 1994, 02:15:00 am,26,2,1994
Sunday, 27 March 1994, 01:09:30 pm,27,3,1994
Monday, 25 April 1994, 09:45:00 pm,25,5,1994
Wednesday, 25 May 1994, 05:39:24 am,25,5,1994
Thursday, 23 June 1994, 01:33:06 pm,23,6,1994
Friday, 22 July 1994, 10:15:54 pm,22,7,1994
Sunday, 21 August 1994, 08:46:54 am,21,8,1994
Monday, 19 September 1994, 10:00:30 pm,19,9,1994
Wednesday, 19 October 1994, 01:17:48 pm,19,10,1994
Friday, 18 November 1994, 07:57:00 am,18,11,1994
Sunday, 18 December 1994, 03:17:06 am,18,12,1994
Monday, 16 January 1995, 09:26:18 pm,16,1,1995
Wednesday, 15 February 1995, 01:15:24 pm,15,2,1995
Friday, 17 March 1995, 02:25:36 am,17,3,1995
Saturday, 15 April 1995, 02:08:12 pm,15,5,1995
Sunday, 14 May 1995, 10:48:06 pm,14,5,1995
Tuesday, 13 June 1995, 06:03:30 am,13,6,1995
Wednesday, 12 July 1995, 12:49:18 pm,12,7,1995
Thursday, 10 August 1995, 08:15:30 pm,10,8,1995
Saturday, 9 September 1995, 05:36:36 am,9,9,1995
Sunday, 8 October 1995, 04:51:48 pm,8,10,1995
Tuesday, 7 November 1995, 08:20:30 am,7,11,1995
Thursday, 7 December 1995, 02:26:54 am,7,12,1995
Friday, 5 January 1996, 09:50:54 pm,5,1,1996
Sunday, 4 February 1996, 04:57:36 pm,4,2,1996
Tuesday, 5 March 1996, 10:22:42 am,5,3,1996
Thursday, 4 April 1996, 02:06:54 am,4,5,1996
Friday, 3 May 1996, 01:48:12 pm,3,5,1996
Saturday, 1 June 1996, 10:46:54 pm,1,6,1996
Monday, 1 July 1996, 05:58:06 am,1,7,1996
Tuesday, 30 July 1996, 12:35:12 pm,30,7,1996
Wednesday, 28 August 1996, 07:52:12 pm,28,8,1996
Friday, 27 September 1996, 04:50:48 am,27,9,1996
Saturday, 26 October 1996, 04:11:12 pm,26,10,1996
Monday, 25 November 1996, 05:09:54 am,25,11,1996
Tuesday, 24 December 1996, 09:41:00 pm,24,12,1996
Thursday, 23 January 1997, 04:10:42 pm,23,1,1997
Saturday, 22 February 1997, 11:26:42 am,22,2,1997
Monday, 24 March 1997, 05:45:12 am,24,3,1997
Tuesday, 22 April 1997, 10:33:30 pm,22,5,1997
Thursday, 22 May 1997, 11:13:24 am,22,5,1997
Friday, 20 June 1997, 09:08:48 pm,20,6,1997
Sunday, 20 July 1997, 05:20:18 am,20,7,1997
Monday, 18 August 1997, 12:55:24 pm,18,8,1997
Tuesday, 16 September 1997, 08:50:30 pm,16,9,1997
Thursday, 16 October 1997, 05:45:42 am,16,10,1997
Friday, 14 November 1997, 03:11:36 pm,14,11,1997
Sunday, 14 December 1997, 03:37:06 am,14,12,1997
Monday, 12 January 1998, 06:23:42 pm,12,1,1998
Wednesday, 11 February 1998, 11:22:36 am,11,2,1998
Friday, 13 March 1998, 05:34:12 am,13,3,1998
Sunday, 12 April 1998, 12:23:30 am,12,5,1998
Monday, 11 May 1998, 04:29:24 pm,11,5,1998
Wednesday, 10 June 1998, 06:18:18 am,10,6,1998
Thursday, 9 July 1998, 06:00:54 pm,9,7,1998
Saturday, 8 August 1998, 04:09:36 am,8,8,1998
Sunday, 6 September 1998, 01:21:24 pm,6,9,1998
Monday, 5 October 1998, 10:11:54 pm,5,10,1998
Wednesday, 4 November 1998, 06:18:12 am,4,11,1998
Thursday, 3 December 1998, 04:19:12 pm,3,12,1998
Saturday, 2 January 1999, 03:49:30 am,2,1,1999
Sunday, 31 January 1999, 05:06:30 pm,31,1,1999
Tuesday, 2 March 1999, 07:58:30 am,2,3,1999
Thursday, 1 April 1999, 12:48:54 am,1,5,1999
Friday, 30 April 1999, 04:54:36 pm,30,5,1999
Sunday, 30 May 1999, 08:39:54 am,30,5,1999
Monday, 28 June 1999, 11:37:30 pm,28,6,1999
Wednesday, 28 July 1999, 01:24:48 pm,28,7,1999
Friday, 27 August 1999, 01:47:48 am,27,8,1999
Saturday, 25 September 1999, 12:51:06 pm,25,9,1999
Sunday, 24 October 1999, 11:02:24 pm,24,10,1999
Tuesday, 23 November 1999, 08:03:42 am,23,11,1999
Wednesday, 22 December 1999, 06:31:18 pm,22,12,1999
Friday, 21 January 2000, 05:40:24 am [**],21,1,2000
Saturday, 19 February 2000, 05:26:42 pm,19,2,2000
Monday, 20 March 2000, 05:44:24 am,20,3,2000
Tuesday, 18 April 2000, 07:41:30 pm,18,5,2000
Thursday, 18 May 2000, 09:34:24 am,18,5,2000
Saturday, 17 June 2000, 12:27:00 am,17,6,2000
Sunday, 16 July 2000, 03:55:12 pm,16,7,2000
Tuesday, 15 August 2000, 07:12:36 am,15,8,2000
Wednesday, 13 September 2000, 09:36:48 pm,13,9,2000
Friday, 13 October 2000, 10:53:00 am,13,10,2000
Saturday, 11 November 2000, 10:14:36 pm,11,11,2000
Monday, 11 December 2000, 10:02:48 am,11,12,2000
Tuesday, 9 January 2001, 09:24:24 pm [**],9,1,2001
Thursday, 8 February 2001, 08:11:42 am,8,2,2001
Friday, 9 March 2001, 06:23:06 pm,9,3,2001
Sunday, 8 April 2001, 05:21:54 am,8,5,2001
Monday, 7 May 2001, 03:52:30 pm,7,5,2001
Wednesday, 6 June 2001, 03:39:18 am,6,6,2001
Thursday, 5 July 2001, 05:03:48 pm,5,7,2001
Saturday, 4 August 2001, 07:55:42 am,4,8,2001
Sunday, 2 September 2001, 11:43:00 pm,2,9,2001
Tuesday, 2 October 2001, 03:48:48 pm,2,10,2001
Thursday, 1 November 2001, 06:41:00 am,1,11,2001
Friday, 30 November 2001, 09:49:00 pm,30,11,2001
Sunday, 30 December 2001, 11:40:30 am,30,12,2001
Monday, 28 January 2002, 11:50:30 pm,28,1,2002
Wednesday, 27 February 2002, 10:16:42 am,27,2,2002
Thursday, 28 March 2002, 07:24:54 pm,28,3,2002
Saturday, 27 April 2002, 04:59:54 am,27,5,2002
Sunday, 26 May 2002, 01:51:12 pm,26,5,2002
Monday, 24 June 2002, 11:42:24 pm,24,6,2002
Wednesday, 24 July 2002, 11:07:00 am,24,7,2002
Friday, 23 August 2002, 12:29:12 am,23,8,2002
Saturday, 21 September 2002, 03:59:12 pm,21,9,2002
Monday, 21 October 2002, 09:20:00 am,21,10,2002
Wednesday, 20 November 2002, 02:33:42 am,20,11,2002
Thursday, 19 December 2002, 08:10:12 pm,19,12,2002
Saturday, 18 January 2003, 11:47:36 am,18,1,2003
Monday, 17 February 2003, 12:51:06 am,17,2,2003
Tuesday, 18 March 2003, 11:34:30 am,18,3,2003
Wednesday, 16 April 2003, 09:35:42 pm,16,5,2003
Friday, 16 May 2003, 05:35:54 am,16,5,2003
Saturday, 14 June 2003, 01:15:54 pm,14,6,2003
Sunday, 13 July 2003, 09:21:24 pm,13,7,2003
Tuesday, 12 August 2003, 06:48:12 am,12,8,2003
Wednesday, 10 September 2003, 06:36:12 pm,10,9,2003
Friday, 10 October 2003, 09:27:24 am,10,10,2003
Sunday, 9 November 2003, 02:13:18 am [**],9,11,2003
Monday, 8 December 2003, 09:36:42 pm,8,12,2003
Wednesday, 7 January 2004, 04:40:06 pm,7,1,2004
Friday, 6 February 2004, 09:46:54 am,6,2,2004
Sunday, 7 March 2004, 12:14:12 am,7,3,2004
Monday, 5 April 2004, 01:02:42 pm,5,5,2004
Tuesday, 4 May 2004, 10:33:24 pm [**],4,5,2004
Thursday, 3 June 2004, 06:19:36 am,3,6,2004
Friday, 2 July 2004, 01:08:54 pm,2,7,2004
Saturday, 31 July 2004, 08:05:06 pm,31,7,2004
Monday, 30 August 2004, 04:22:12 am,30,8,2004
Tuesday, 28 September 2004, 03:09:18 pm,28,9,2004
Thursday, 28 October 2004, 05:07:24 am [**],28,10,2004
Friday, 26 November 2004, 09:07:12 pm,26,11,2004
Sunday, 26 December 2004, 04:06:18 pm,26,12,2004
Tuesday, 25 January 2005, 11:32:18 am,25,1,2005
Thursday, 24 February 2005, 05:53:42 am,24,2,2005
Friday, 25 March 2005, 09:58:30 pm,25,3,2005
Sunday, 24 April 2005, 12:06:30 pm,24,5,2005
Monday, 23 May 2005, 10:18:12 pm,23,5,2005
Wednesday, 22 June 2005, 06:13:48 am,22,6,2005
Thursday, 21 July 2005, 01:00:12 pm,21,7,2005
Friday, 19 August 2005, 07:53:00 pm,19,8,2005
Sunday, 18 September 2005, 04:00:48 am,18,9,2005
Monday, 17 October 2005, 02:13:36 pm,17,10,2005
Wednesday, 16 November 2005, 01:57:30 am,16,11,2005
Thursday, 15 December 2005, 05:15:30 pm,15,12,2005
Saturday, 14 January 2006, 10:48:06 am,14,1,2006
Monday, 13 February 2006, 05:44:12 am,13,2,2006
Wednesday, 15 March 2006, 12:35:24 am,15,3,2006
Thursday, 13 April 2006, 06:40:06 pm,13,5,2006
Saturday, 13 May 2006, 08:51:06 am,13,5,2006
Sunday, 11 June 2006, 08:03:06 pm,11,6,2006
Tuesday, 11 July 2006, 05:01:54 am,11,7,2006
Wednesday, 9 August 2006, 12:54:00 pm,9,8,2006
Thursday, 7 September 2006, 08:42:00 pm,7,9,2006
Saturday, 7 October 2006, 05:12:48 am,7,10,2006
Sunday, 5 November 2006, 01:58:18 pm,5,11,2006
Tuesday, 5 December 2006, 01:24:48 am,5,12,2006
Wednesday, 3 January 2007, 02:57:24 pm,3,1,2007
Friday, 2 February 2007, 06:45:18 am,2,2,2007
Sunday, 4 March 2007, 12:17:06 am [**],4,3,2007
Monday, 2 April 2007, 07:15:00 pm,2,5,2007
Wednesday, 2 May 2007, 12:09:24 pm,2,5,2007
Friday, 1 June 2007, 03:03:36 am,1,6,2007
Saturday, 30 June 2007, 03:48:42 pm,30,6,2007
Monday, 30 July 2007, 02:47:42 am,30,7,2007
Tuesday, 28 August 2007, 12:35:06 pm,28,8,2007
Wednesday, 26 September 2007, 09:45:06 pm,26,9,2007
Friday, 26 October 2007, 06:51:30 am,26,10,2007
Saturday, 24 November 2007, 03:29:48 pm,24,11,2007
Monday, 24 December 2007, 02:15:36 am,24,12,2007
Tuesday, 22 January 2008, 02:34:42 pm,22,1,2008
Thursday, 21 February 2008, 04:30:30 am [**],21,2,2008
Friday, 21 March 2008, 07:39:54 pm,21,3,2008
Sunday, 20 April 2008, 12:25:24 pm,20,5,2008
Tuesday, 20 May 2008, 04:11:24 am,20,5,2008
Wednesday, 18 June 2008, 07:30:24 pm,18,6,2008
Friday, 18 July 2008, 09:59:00 am,18,7,2008
Saturday, 16 August 2008, 11:16:24 pm,16,8,2008
Monday, 15 September 2008, 11:13:24 am,15,9,2008
Tuesday, 14 October 2008, 10:02:24 pm,14,10,2008
Thursday, 13 November 2008, 07:17:18 am,13,11,2008
Friday, 12 December 2008, 05:37:06 pm,12,12,2008
Sunday, 11 January 2009, 04:26:36 am,11,1,2009
Monday, 9 February 2009, 03:49:00 pm,9,2,2009
Wednesday, 11 March 2009, 03:37:36 am,11,3,2009
Thursday, 9 April 2009, 04:55:42 pm,9,5,2009
Saturday, 9 May 2009, 06:01:18 am,9,5,2009
Sunday, 7 June 2009, 08:11:36 pm,7,6,2009
Tuesday, 7 July 2009, 11:21:18 am,7,7,2009
Thursday, 6 August 2009, 02:54:42 am,6,8,2009
Friday, 4 September 2009, 06:02:30 pm,4,9,2009
Sunday, 4 October 2009, 08:10:00 am,4,10,2009
Monday, 2 November 2009, 08:13:48 pm,2,11,2009
Wednesday, 2 December 2009, 08:30:18 am,2,12,2009
Thursday, 31 December 2009, 08:12:36 pm [*],31,12,2009
Saturday, 30 January 2010, 07:17:36 am,30,1,2010
Sunday, 28 February 2010, 05:37:54 pm,28,2,2010
Tuesday, 30 March 2010, 04:25:24 am,30,3,2010
Wednesday, 28 April 2010, 02:18:30 pm,28,5,2010
Friday, 28 May 2010, 01:07:18 am,28,5,2010
Saturday, 26 June 2010, 01:30:24 pm,26,6,2010
Monday, 26 July 2010, 03:36:36 am,26,7,2010
Tuesday, 24 August 2010, 07:04:36 pm,24,8,2010
Thursday, 23 September 2010, 11:17:12 am,23,9,2010
Saturday, 23 October 2010, 03:36:30 am,23,10,2010
Sunday, 21 November 2010, 06:27:24 pm,21,11,2010
Tuesday, 21 December 2010, 09:13:30 am [**],21,12,2010
Wednesday, 19 January 2011, 10:21:24 pm,19,1,2011
Friday, 18 February 2011, 09:35:42 am,18,2,2011
Saturday, 19 March 2011, 07:10:06 pm,19,3,2011
Monday, 18 April 2011, 04:44:00 am,18,5,2011
Tuesday, 17 May 2011, 01:08:42 pm,17,5,2011
Wednesday, 15 June 2011, 10:13:36 pm [**],15,6,2011
Friday, 15 July 2011, 08:39:36 am,15,7,2011
Saturday, 13 August 2011, 08:57:30 pm,13,8,2011
Monday, 12 September 2011, 11:26:42 am,12,9,2011
Wednesday, 12 October 2011, 04:05:42 am,12,10,2011
Thursday, 10 November 2011, 09:16:06 pm,10,11,2011
Saturday, 10 December 2011, 03:36:24 pm [**],10,12,2011
Monday, 9 January 2012, 08:30:06 am,9,1,2012
Tuesday, 7 February 2012, 10:53:48 pm,7,2,2012
Thursday, 8 March 2012, 10:39:30 am,8,3,2012
Friday, 6 April 2012, 09:18:42 pm,6,5,2012
Sunday, 6 May 2012, 05:35:06 am,6,5,2012
Monday, 4 June 2012, 01:11:36 pm [*],4,6,2012
Tuesday, 3 July 2012, 08:51:54 pm,3,7,2012
Thursday, 2 August 2012, 05:27:30 am,2,8,2012
Friday, 31 August 2012, 03:58:06 pm,31,8,2012
Sunday, 30 September 2012, 05:18:36 am,30,9,2012
Monday, 29 October 2012, 08:49:30 pm,29,10,2012
Wednesday, 28 November 2012, 03:46:00 pm,28,11,2012
Friday, 28 December 2012, 11:21:12 am,28,12,2012
Sunday, 27 January 2013, 05:38:24 am,27,1,2013
Monday, 25 February 2013, 09:26:06 pm,25,2,2013
Wednesday, 27 March 2013, 10:27:18 am,27,3,2013
Thursday, 25 April 2013, 09:57:06 pm [*],25,5,2013
Saturday, 25 May 2013, 06:25:00 am,25,5,2013
Sunday, 23 June 2013, 01:32:18 pm,23,6,2013
Monday, 22 July 2013, 08:15:36 pm,22,7,2013
Wednesday, 21 August 2013, 03:44:36 am,21,8,2013
Thursday, 19 September 2013, 01:12:54 pm,19,9,2013
Saturday, 19 October 2013, 01:37:42 am,19,10,2013
Sunday, 17 November 2013, 04:15:48 pm,17,11,2013
Tuesday, 17 December 2013, 10:28:06 am,17,12,2013
Thursday, 16 January 2014, 05:52:12 am,16,1,2014
Saturday, 15 February 2014, 12:53:00 am,15,2,2014
Sunday, 16 March 2014, 06:08:24 pm,16,3,2014
Tuesday, 15 April 2014, 09:42:18 am [**],15,5,2014
Wednesday, 14 May 2014, 09:15:54 pm,14,5,2014
Friday, 13 June 2014, 06:11:30 am,13,6,2014
Saturday, 12 July 2014, 01:24:54 pm,12,7,2014
Sunday, 10 August 2014, 08:09:24 pm,10,8,2014
Tuesday, 9 September 2014, 03:38:12 am,9,9,2014
Wednesday, 8 October 2014, 12:50:36 pm [**],8,10,2014
Thursday, 6 November 2014, 11:22:54 pm,6,11,2014
Saturday, 6 December 2014, 01:26:48 pm,6,12,2014
Monday, 5 January 2015, 05:53:15 am,5,1,2015
Wednesday, 4 February 2015, 12:08:55 am,4,2,2015
Thursday, 5 March 2015, 07:05:23 pm,5,3,2015
Saturday, 4 April 2015, 02:05:34 pm [**],4,5,2015
Monday, 4 May 2015, 05:42:05 am,4,5,2015
Tuesday, 2 June 2015, 06:19:02 pm,2,6,2015
Thursday, 2 July 2015, 04:19:35 am,2,7,2015
Friday, 31 July 2015, 12:42:54 pm,31,7,2015
Saturday, 29 August 2015, 08:35:12 pm,29,8,2015
Monday, 28 September 2015, 04:50:31 am [**],28,9,2015
Tuesday, 27 October 2015, 01:05:08 pm,27,10,2015
Wednesday, 25 November 2015, 11:44:15 pm,25,11,2015
Friday, 25 December 2015, 12:11:28 pm,25,12,2015
Sunday, 24 January 2016, 02:45:48 am,24,1,2016
Monday, 22 February 2016, 07:19:54 pm,22,2,2016
Wednesday, 23 March 2016, 01:00:54 pm,23,3,2016
Friday, 22 April 2016, 07:23:42 am,22,5,2016
Saturday, 21 May 2016, 11:14:30 pm,21,5,2016
Monday, 20 June 2016, 01:02:24 pm,20,6,2016
Wednesday, 20 July 2016, 12:56:36 am,20,7,2016
Thursday, 18 August 2016, 11:26:36 am,18,8,2016
Friday, 16 September 2016, 09:05:06 pm,16,9,2016
Sunday, 16 October 2016, 06:23:06 am,16,10,2016
Monday, 14 November 2016, 02:52:06 pm,14,11,2016
Wednesday, 14 December 2016, 01:05:36 am,14,12,2016
Thursday, 12 January 2017, 12:33:58 pm,12,1,2017
Saturday, 11 February 2017, 01:32:53 am,11,2,2017
Sunday, 12 March 2017, 03:53:48 pm,12,3,2017
Tuesday, 11 April 2017, 08:08:07 am,11,5,2017
Wednesday, 10 May 2017, 11:42:30 pm,10,5,2017
Friday, 9 June 2017, 03:09:36 pm,9,6,2017
Sunday, 9 July 2017, 06:06:34 am,9,7,2017
Monday, 7 August 2017, 08:10:37 pm [*],7,8,2017
Wednesday, 6 September 2017, 09:02:49 am,6,9,2017
Thursday, 5 October 2017, 08:40:08 pm,5,10,2017
Saturday, 4 November 2017, 06:22:55 am,4,11,2017
Sunday, 3 December 2017, 04:46:59 pm,3,12,2017
Tuesday, 2 January 2018, 3:24:05 am,2,1,2018
Wednesday, 31 January 2018, 2:26:44 pm [**] [+],31,1,2018
Friday, 2 March 2018, 1:51:21 am,2,3,2018
Saturday, 31 March 2018, 2:36:52 pm [+],31,3,2018
Monday, 30 April 2018, 2:58:12 am,30,5,2018
Tuesday, 29 May 2018, 4:19:34 pm,29,5,2018
Thursday, 28 June 2018, 6:52:58 am,28,6,2018
Friday, 27 July 2018, 10:20:21 pm [**],27,7,2018
Sunday, 26 August 2018, 1:56:11 pm,26,8,2018
Tuesday, 25 September 2018, 4:52:25 am,25,9,2018
Wednesday, 24 October 2018, 6:45:12 pm,24,10,2018
Friday, 23 November 2018, 6:39:12 am,23,11,2018
Saturday, 22 December 2018, 6:48:35 pm,22,12,2018
Monday, 21 January 2019, 6:16:05 am [**],21,1,2019
Tuesday, 19 February 2019, 4:53:35 pm,19,2,2019
Thursday, 21 March 2019, 2:42:52 am,21,3,2019
Friday, 19 April 2019, 1:12:11 pm,19,5,2019
Saturday, 18 May 2019, 11:11:21 pm,18,5,2019
Monday, 17 June 2019, 10:30:40 am,17,6,2019
Tuesday, 16 July 2019, 11:38:13 pm [*],16,7,2019
Thursday, 15 August 2019, 2:29:15 pm,15,8,2019
Saturday, 14 September 2019, 6:32:46 am,14,9,2019
Sunday, 13 October 2019, 11:07:52 pm,13,10,2019
Tuesday, 12 November 2019, 2:34:24 pm,12,11,2019
Thursday, 12 December 2019, 6:12:16 am,12,12,2019
Friday, 10 January 2020, 08:21:24 pm,10,1,2020
Sunday, 9 February 2020, 08:33:18 am,9,2,2020
Monday, 9 March 2020, 06:47:48 pm,9,3,2020
Wednesday, 8 April 2020, 04:35:06 am,8,5,2020
Thursday, 7 May 2020, 12:45:18 pm,7,5,2020
Friday, 5 June 2020, 09:12:24 pm,5,6,2020
Sunday, 5 July 2020, 06:44:30 am,5,7,2020
Monday, 3 August 2020, 05:58:48 pm,3,8,2020
Wednesday, 2 September 2020, 07:22:06 am,2,9,2020
Thursday, 1 October 2020, 11:05:18 pm,1,10,2020
Saturday, 31 October 2020, 03:49:12 pm,31,10,2020
Monday, 30 November 2020, 10:29:42 am,30,11,2020
Wednesday, 30 December 2020, 04:28:18 am,30,12,2020
Thursday, 28 January 2021, 08:16:18 pm,28,1,2021
Saturday, 27 February 2021, 09:17:24 am,27,2,2021
Sunday, 28 March 2021, 08:48:12 pm,28,3,2021
Tuesday, 27 April 2021, 05:31:36 am,27,5,2021
Wednesday, 26 May 2021, 01:13:54 pm,26,5,2021
Thursday, 24 June 2021, 08:39:42 pm,24,6,2021
Saturday, 24 July 2021, 04:36:54 am,24,7,2021
Sunday, 22 August 2021, 02:02:00 pm,22,8,2021
Tuesday, 21 September 2021, 01:54:42 am,21,9,2021
Wednesday, 20 October 2021, 04:56:42 pm,20,10,2021
Friday, 19 November 2021, 09:57:30 am,19,11,2021
Sunday, 19 December 2021, 05:35:36 am,19,12,2021
Tuesday, 18 January 2022, 12:48:30 am,18,1,2022
Wednesday, 16 February 2022, 05:56:30 pm,16,2,2022
Friday, 18 March 2022, 08:17:36 am,18,3,2022
Saturday, 16 April 2022, 08:55:06 pm,16,5,2022
Monday, 16 May 2022, 06:14:12 am,16,5,2022
Tuesday, 14 June 2022, 01:51:48 pm,14,6,2022
Wednesday, 13 July 2022, 08:37:42 pm,13,7,2022
Friday, 12 August 2022, 03:35:48 am,12,8,2022
Saturday, 10 September 2022, 11:59:06 am,10,9,2022
Sunday, 9 October 2022, 10:55:00 pm,9,10,2022
Tuesday, 8 November 2022, 12:02:12 pm,8,11,2022
Thursday, 8 December 2022, 05:08:12 am,8,12,2022
Saturday, 7 January 2023, 12:07:54 am,7,1,2023
Sunday, 5 February 2023, 07:28:36 pm,5,2,2023
Tuesday, 7 March 2023, 01:40:24 pm,7,3,2023
Thursday, 6 April 2023, 06:34:36 am,6,5,2023
Friday, 5 May 2023, 07:34:06 pm,5,5,2023
Sunday, 4 June 2023, 05:41:48 am,4,6,2023
Monday, 3 July 2023, 01:38:42 pm,3,7,2023
Tuesday, 1 August 2023, 08:31:42 pm,1,8,2023
Thursday, 31 August 2023, 03:35:42 am,31,8,2023
Friday, 29 September 2023, 11:57:36 am,29,9,2023
Saturday, 28 October 2023, 10:24:06 pm,28,10,2023
Monday, 27 November 2023, 10:16:24 am,27,11,2023
Wednesday, 27 December 2023, 01:33:12 am,27,12,2023
Thursday, 25 January 2024, 06:54:00 pm,25,1,2024
Saturday, 24 February 2024, 01:30:24 pm,24,2,2024
Monday, 25 March 2024, 08:00:24 am,25,3,2024
Wednesday, 24 April 2024, 01:49:00 am,24,5,2024
Thursday, 23 May 2024, 03:53:12 pm,23,5,2024
Saturday, 22 June 2024, 03:07:54 am,22,6,2024
Sunday, 21 July 2024, 12:17:12 pm,21,7,2024
Monday, 19 August 2024, 08:25:48 pm,19,8,2024
Wednesday, 18 September 2024, 04:34:30 am,18,9,2024
Thursday, 17 October 2024, 01:26:24 pm,17,10,2024
Friday, 15 November 2024, 10:28:36 pm,15,11,2024
Sunday, 15 December 2024, 10:01:42 am,15,12,2024
Monday, 13 January 2025, 11:26:54 pm,13,1,2025
Wednesday, 12 February 2025, 02:53:24 pm,12,2,2025
Friday, 14 March 2025, 07:54:42 am,14,3,2025
Sunday, 13 April 2025, 02:22:18 am,13,5,2025
Monday, 12 May 2025, 06:56:00 pm,12,5,2025
Wednesday, 11 June 2025, 09:43:54 am,11,6,2025
Thursday, 10 July 2025, 10:36:48 pm,10,7,2025
Saturday, 9 August 2025, 09:55:06 am,9,8,2025
Sunday, 7 September 2025, 08:08:54 pm,7,9,2025
Tuesday, 7 October 2025, 05:47:42 am,7,10,2025
Wednesday, 5 November 2025, 02:19:18 pm,5,11,2025
Friday, 5 December 2025, 12:14:06 am,5,12,2025
Saturday, 3 January 2026, 11:02:54 am,3,1,2026
Sunday, 1 February 2026, 11:09:18 pm,1,2,2026
Tuesday, 3 March 2026, 12:37:54 pm,3,3,2026
Thursday, 2 April 2026, 04:12:00 am,2,5,2026
Friday, 1 May 2026, 07:23:12 pm,1,5,2026
Sunday, 31 May 2026, 10:45:12 am,31,5,2026
Tuesday, 30 June 2026, 01:56:42 am,30,6,2026
Wednesday, 29 July 2026, 04:35:42 pm,29,7,2026
Friday, 28 August 2026, 06:18:36 am,28,8,2026
Saturday, 26 September 2026, 06:49:06 pm,26,9,2026
Monday, 26 October 2026, 05:11:54 am,26,10,2026
Tuesday, 24 November 2026, 03:53:36 pm,24,11,2026
Thursday, 24 December 2026, 02:28:18 am,24,12,2026
Friday, 22 January 2027, 01:17:24 pm,22,1,2027
Sunday, 21 February 2027, 12:23:42 am,21,2,2027
Monday, 22 March 2027, 11:43:48 am,22,3,2027
Wednesday, 21 April 2027, 12:27:12 am,21,5,2027
Thursday, 20 May 2027, 12:59:06 pm,20,5,2027
Saturday, 19 June 2027, 02:44:24 am,19,6,2027
Sunday, 18 July 2027, 05:45:00 pm,18,7,2027
Tuesday, 17 August 2027, 09:28:42 am,17,8,2027
Thursday, 16 September 2027, 01:03:36 am,16,9,2027
Friday, 15 October 2027, 03:47:06 pm,15,10,2027
Sunday, 14 November 2027, 04:26:00 am,14,11,2027
Monday, 13 December 2027, 05:08:48 pm,13,12,2027
Wednesday, 12 January 2028, 05:03:06 am,12,1,2028
Thursday, 10 February 2028, 04:03:48 pm,10,2,2028
Saturday, 11 March 2028, 02:06:06 am,11,3,2028
Sunday, 9 April 2028, 12:26:42 pm,9,5,2028
Monday, 8 May 2028, 09:49:00 pm,8,5,2028
Wednesday, 7 June 2028, 08:08:48 am,7,6,2028
Thursday, 6 July 2028, 08:10:48 pm,6,7,2028
Saturday, 5 August 2028, 10:09:54 am,5,8,2028
Monday, 4 September 2028, 01:47:36 am,4,9,2028
Tuesday, 3 October 2028, 06:25:00 pm,3,10,2028
Thursday, 2 November 2028, 10:17:24 am,2,11,2028
Saturday, 2 December 2028, 02:40:18 am,2,12,2028
Sunday, 31 December 2028, 05:48:36 pm,31,12,2028
Tuesday, 30 January 2029, 07:03:42 am,30,1,2029
Wednesday, 28 February 2029, 06:10:18 pm,28,2,2029
Friday, 30 March 2029, 04:26:30 am,30,3,2029
Saturday, 28 April 2029, 12:36:48 pm,28,5,2029
Sunday, 27 May 2029, 08:37:30 pm,27,5,2029
Tuesday, 26 June 2029, 05:22:24 am,26,6,2029
Wednesday, 25 July 2029, 03:35:48 pm,25,7,2029
Friday, 24 August 2029, 03:51:18 am,24,8,2029
Saturday, 22 September 2029, 06:29:18 pm,22,9,2029
Monday, 22 October 2029, 11:27:36 am,22,10,2029
Wednesday, 21 November 2029, 05:03:00 am,21,11,2029
Thursday, 20 December 2029, 11:46:30 pm,20,12,2029
Saturday, 19 January 2030, 04:54:24 pm,19,1,2030
Monday, 18 February 2030, 07:19:48 am,18,2,2030
Tuesday, 19 March 2030, 06:56:30 pm,19,3,2030
Thursday, 18 April 2030, 05:20:06 am,18,5,2030
Friday, 17 May 2030, 01:19:12 pm,17,5,2030
Saturday, 15 June 2030, 08:41:00 pm,15,6,2030
Monday, 15 July 2030, 04:12:00 am,15,7,2030
Tuesday, 13 August 2030, 12:44:24 pm,13,8,2030
Wednesday, 11 September 2030, 11:18:00 pm,11,9,2030
Friday, 11 October 2030, 12:46:54 pm,11,10,2030
Sunday, 10 November 2030, 04:30:18 am,10,11,2030
Monday, 9 December 2030, 11:40:30 pm,9,12,2030
Wednesday, 8 January 2031, 07:25:54 pm,8,1,2031
Friday, 7 February 2031, 01:46:12 pm,7,2,2031
Sunday, 9 March 2031, 05:29:42 am,9,3,2031
Monday, 7 April 2031, 07:21:24 pm,7,5,2031
Wednesday, 7 May 2031, 05:39:54 am,7,5,2031
Thursday, 5 June 2031, 01:58:36 pm,5,6,2031
Friday, 4 July 2031, 09:01:24 pm,4,7,2031
Sunday, 3 August 2031, 03:45:36 am,3,8,2031
Monday, 1 September 2031, 11:20:30 am,1,9,2031
Tuesday, 30 September 2031, 08:57:54 pm,30,9,2031
Thursday, 30 October 2031, 08:32:42 am,30,10,2031
Saturday, 29 November 2031, 12:18:30 am,29,11,2031
Sunday, 28 December 2031, 06:33:06 pm,28,12,2031
Tuesday, 27 January 2032, 01:52:30 pm,27,1,2032
Thursday, 26 February 2032, 08:43:18 am,26,2,2032
Saturday, 27 March 2032, 01:46:18 am,27,3,2032
Sunday, 25 April 2032, 05:09:42 pm,25,5,2032
Tuesday, 25 May 2032, 04:37:18 am,25,5,2032
Wednesday, 23 June 2032, 01:32:36 pm,23,6,2032
Thursday, 22 July 2032, 08:51:36 pm,22,7,2032
Saturday, 21 August 2032, 03:46:54 am,21,8,2032
Sunday, 19 September 2032, 11:30:18 am,19,9,2032
Monday, 18 October 2032, 08:58:12 pm,18,10,2032
Wednesday, 17 November 2032, 07:42:06 am,17,11,2032
Thursday, 16 December 2032, 09:49:00 pm,16,12,2032
Saturday, 15 January 2033, 02:07:06 pm,15,1,2033
Monday, 14 February 2033, 08:04:12 am,14,2,2033
Wednesday, 16 March 2033, 02:37:30 am,16,3,2033
Thursday, 14 April 2033, 09:17:24 pm,14,5,2033
Saturday, 14 May 2033, 12:42:48 pm,14,5,2033
Monday, 13 June 2033, 01:19:18 am,13,6,2033
Tuesday, 12 July 2033, 11:28:36 am,12,7,2033
Wednesday, 10 August 2033, 08:07:42 pm,10,8,2033
Friday, 9 September 2033, 04:20:36 am,9,9,2033
Saturday, 8 October 2033, 12:58:12 pm,8,10,2033
Sunday, 6 November 2033, 09:32:06 pm,6,11,2033
Tuesday, 6 December 2033, 08:22:06 am,6,12,2033
Wednesday, 4 January 2034, 08:47:06 pm,4,1,2034
Friday, 3 February 2034, 11:04:36 am,3,2,2034
Sunday, 5 March 2034, 03:10:12 am,5,3,2034
Monday, 3 April 2034, 09:18:54 pm,3,5,2034
Wednesday, 3 May 2034, 02:15:48 pm,3,5,2034
Friday, 2 June 2034, 05:54:06 am,2,6,2034
Saturday, 1 July 2034, 07:44:36 pm,1,7,2034
Monday, 31 July 2034, 07:54:30 am,31,7,2034
Tuesday, 29 August 2034, 06:49:18 pm,29,8,2034
Thursday, 28 September 2034, 04:56:54 am,28,9,2034
Friday, 27 October 2034, 02:42:36 pm,27,10,2034
Saturday, 25 November 2034, 11:32:12 pm,25,11,2034
Monday, 25 December 2034, 09:54:30 am,25,12,2034
Tuesday, 23 January 2035, 09:16:36 pm,23,1,2035
Thursday, 22 February 2035, 09:54:00 am,22,2,2035
Friday, 23 March 2035, 11:42:12 pm,23,3,2035
Sunday, 22 April 2035, 03:20:48 pm,22,5,2035
Tuesday, 22 May 2035, 06:25:54 am,22,5,2035
Wednesday, 20 June 2035, 09:37:30 pm,20,6,2035
Friday, 20 July 2035, 12:36:54 pm,20,7,2035
Sunday, 19 August 2035, 03:00:24 am,19,8,2035
Monday, 17 September 2035, 04:23:36 pm,17,9,2035
Wednesday, 17 October 2035, 04:35:36 am,17,10,2035
Thursday, 15 November 2035, 02:48:54 pm,15,11,2035
Saturday, 15 December 2035, 01:33:12 am,15,12,2035
Sunday, 13 January 2036, 12:16:12 pm,13,1,2036
Monday, 11 February 2036, 11:08:48 pm,11,2,2036
Wednesday, 12 March 2036, 10:09:30 am,12,3,2036
Thursday, 10 April 2036, 10:22:36 pm,10,5,2036
Saturday, 10 May 2036, 10:09:36 am,10,5,2036
Sunday, 8 June 2036, 11:02:00 pm,8,6,2036
Tuesday, 8 July 2036, 01:19:24 pm,8,7,2036
Thursday, 7 August 2036, 04:49:00 am,7,8,2036
Friday, 5 September 2036, 08:45:36 pm,5,9,2036
Sunday, 5 October 2036, 12:15:12 pm,5,10,2036
Tuesday, 4 November 2036, 01:44:18 am,4,11,2036
Wednesday, 3 December 2036, 03:08:36 pm,3,12,2036
Friday, 2 January 2037, 03:35:18 am,2,1,2037
Saturday, 31 January 2037, 03:04:12 pm,31,1,2037
Monday, 2 March 2037, 01:28:12 am,2,3,2037
Tuesday, 31 March 2037, 11:53:36 am,31,3,2037
Wednesday, 29 April 2037, 08:54:00 pm,29,5,2037
Friday, 29 May 2037, 06:24:12 am,29,5,2037
Saturday, 27 June 2037, 05:20:00 pm,27,6,2037
Monday, 27 July 2037, 06:15:12 am,27,7,2037
Tuesday, 25 August 2037, 09:09:24 pm,25,8,2037
Thursday, 24 September 2037, 01:31:48 pm,24,9,2037
Saturday, 24 October 2037, 06:36:36 am,24,10,2037
Sunday, 22 November 2037, 10:35:18 pm,22,11,2037
Tuesday, 22 December 2037, 02:38:42 pm,22,12,2037
Thursday, 21 January 2038, 05:00:00 am,21,1,2038
Friday, 19 February 2038, 05:09:30 pm,19,2,2038
Sunday, 21 March 2038, 03:09:36 am,21,3,2038
Monday, 19 April 2038, 11:36:06 am,19,5,2038
Tuesday, 18 May 2038, 07:23:36 pm,18,5,2038
Thursday, 17 June 2038, 03:30:36 am,17,6,2038
Friday, 16 July 2038, 12:48:18 pm,16,7,2038
Saturday, 14 August 2038, 11:56:54 pm,14,8,2038
Monday, 13 September 2038, 01:24:30 pm,13,9,2038
Wednesday, 13 October 2038, 05:21:54 am,13,10,2038
Thursday, 11 November 2038, 11:27:12 pm,11,11,2038
Saturday, 11 December 2038, 06:30:30 pm,11,12,2038
Monday, 10 January 2039, 12:45:36 pm,10,1,2039
Wednesday, 9 February 2039, 04:39:18 am,9,2,2039
Thursday, 10 March 2039, 05:35:00 pm,10,3,2039
Saturday, 9 April 2039, 03:52:48 am,9,5,2039
Sunday, 8 May 2039, 12:20:06 pm,8,5,2039
Monday, 6 June 2039, 07:47:42 pm,6,6,2039
Wednesday, 6 July 2039, 03:03:30 am,6,7,2039
Thursday, 4 August 2039, 10:56:42 am,4,8,2039
Friday, 2 September 2039, 08:23:36 pm,2,9,2039
Sunday, 2 October 2039, 08:23:18 am,2,10,2039
Monday, 31 October 2039, 11:36:18 pm,31,10,2039
Wednesday, 30 November 2039, 05:49:36 pm,30,11,2039
Friday, 30 December 2039, 01:37:48 pm,30,12,2039
Sunday, 29 January 2040, 08:54:42 am,29,1,2040
Tuesday, 28 February 2040, 01:59:36 am,28,2,2040
Wednesday, 28 March 2040, 04:11:42 pm,28,3,2040
Friday, 27 April 2040, 03:37:54 am,27,5,2040
Saturday, 26 May 2040, 12:47:06 pm,26,5,2040
Sunday, 24 June 2040, 08:19:24 pm,24,6,2040
Tuesday, 24 July 2040, 03:05:42 am,24,7,2040
Wednesday, 22 August 2040, 10:09:42 am,22,8,2040
Thursday, 20 September 2040, 06:42:48 pm,20,9,2040
Saturday, 20 October 2040, 05:49:54 am,20,10,2040
Sunday, 18 November 2040, 08:06:12 pm,18,11,2040
Tuesday, 18 December 2040, 01:15:48 pm,18,12,2040
Thursday, 17 January 2041, 08:11:24 am,17,1,2041
Saturday, 16 February 2041, 03:21:18 am,16,2,2041
Sunday, 17 March 2041, 09:19:12 pm,17,3,2041
Tuesday, 16 April 2041, 01:00:42 pm,16,5,2041
Thursday, 16 May 2041, 01:52:24 am,16,5,2041
Friday, 14 June 2041, 11:58:48 am,14,6,2041
Saturday, 13 July 2041, 08:00:54 pm,13,7,2041
Monday, 12 August 2041, 03:04:42 am,12,8,2041
Tuesday, 10 September 2041, 10:23:54 am,10,9,2041
Wednesday, 9 October 2041, 07:02:42 pm,9,10,2041
Friday, 8 November 2041, 05:43:30 am,8,11,2041
Saturday, 7 December 2041, 06:42:18 pm,7,12,2041
Monday, 6 January 2042, 09:54:00 am,6,1,2042
Wednesday, 5 February 2042, 02:57:48 am,5,2,2042
Thursday, 6 March 2042, 09:10:00 pm,6,3,2042
Saturday, 5 April 2042, 03:16:00 pm,5,5,2042
Monday, 5 May 2042, 07:48:36 am,5,5,2042
Tuesday, 3 June 2042, 09:48:18 pm,3,6,2042
Thursday, 3 July 2042, 09:09:24 am,3,7,2042
Friday, 1 August 2042, 06:33:24 pm,1,8,2042
Sunday, 31 August 2042, 03:02:24 am,31,8,2042
Monday, 29 September 2042, 11:34:24 am,29,9,2042
Tuesday, 28 October 2042, 08:48:30 pm,28,10,2042
Thursday, 27 November 2042, 07:06:06 am,27,11,2042
Friday, 26 December 2042, 06:42:48 pm,26,12,2042
Sunday, 25 January 2043, 07:56:42 am,25,1,2043
Monday, 23 February 2043, 10:58:00 pm,23,2,2043
Wednesday, 25 March 2043, 03:26:24 pm,25,3,2043
Friday, 24 April 2043, 08:23:06 am,24,5,2043
Sunday, 24 May 2043, 12:37:00 am,24,5,2043
Monday, 22 June 2043, 03:20:42 pm,22,6,2043
Wednesday, 22 July 2043, 04:24:18 am,22,7,2043
Thursday, 20 August 2043, 04:04:36 pm,20,8,2043
Saturday, 19 September 2043, 02:47:06 am,19,9,2043
Sunday, 18 October 2043, 12:55:48 pm,18,10,2043
Monday, 16 November 2043, 10:52:36 pm,16,11,2043
Wednesday, 16 December 2043, 09:02:06 am,16,12,2043
Thursday, 14 January 2044, 07:51:12 pm,14,1,2044
Saturday, 13 February 2044, 07:41:48 am,13,2,2044
Sunday, 13 March 2044, 08:41:12 pm,13,3,2044
Tuesday, 12 April 2044, 10:39:12 am,12,5,2044
Thursday, 12 May 2044, 01:16:42 am,12,5,2044
Friday, 10 June 2044, 04:16:12 pm,10,6,2044
Sunday, 10 July 2044, 07:22:06 am,10,7,2044
Monday, 8 August 2044, 10:14:00 pm,8,8,2044
Wednesday, 7 September 2044, 12:24:30 pm,7,9,2044
Friday, 7 October 2044, 01:30:06 am,7,10,2044
Saturday, 5 November 2044, 01:26:48 pm,5,11,2044
Monday, 5 December 2044, 12:34:00 am,5,12,2044
Tuesday, 3 January 2045, 11:20:30 am,3,1,2045
Wednesday, 1 February 2045, 10:05:36 pm,1,2,2045
Friday, 3 March 2045, 08:52:42 am,3,3,2045
Saturday, 1 April 2045, 07:43:06 pm,1,5,2045
Monday, 1 May 2045, 06:52:18 am,1,5,2045
Tuesday, 30 May 2045, 06:52:30 pm,30,5,2045
Thursday, 29 June 2045, 08:15:54 am,29,6,2045
Friday, 28 July 2045, 11:10:42 pm,28,7,2045
Sunday, 27 August 2045, 03:07:48 pm,27,8,2045
Tuesday, 26 September 2045, 07:11:36 am,26,9,2045
Wednesday, 25 October 2045, 10:31:18 pm,25,10,2045
Friday, 24 November 2045, 12:43:36 pm,24,11,2045
Sunday, 24 December 2045, 01:49:18 am,24,12,2045
Monday, 22 January 2046, 01:51:24 pm,22,1,2046
Wednesday, 21 February 2046, 12:44:24 am,21,2,2046
Thursday, 22 March 2046, 10:27:00 am,22,3,2046
Friday, 20 April 2046, 07:21:12 pm,20,5,2046
Sunday, 20 May 2046, 04:15:24 am,20,5,2046
Monday, 18 June 2046, 02:10:06 pm,18,6,2046
Wednesday, 18 July 2046, 01:55:06 am,18,7,2046
Thursday, 16 August 2046, 03:50:12 pm,16,8,2046
Saturday, 15 September 2046, 07:39:30 am,15,9,2046
Monday, 15 October 2046, 12:41:24 am,15,10,2046
Tuesday, 13 November 2046, 06:04:30 pm,13,11,2046
Thursday, 13 December 2046, 10:55:30 am,13,12,2046
Saturday, 12 January 2047, 02:21:24 am,12,1,2047
Sunday, 10 February 2047, 03:39:54 pm,10,2,2047
Tuesday, 12 March 2047, 02:37:06 am,12,3,2047
Wednesday, 10 April 2047, 11:35:24 am,10,5,2047
Thursday, 9 May 2047, 07:24:36 pm,9,5,2047
Saturday, 8 June 2047, 03:05:00 am,8,6,2047
Sunday, 7 July 2047, 11:33:54 am,7,7,2047
Monday, 5 August 2047, 09:38:36 pm,5,8,2047
Wednesday, 4 September 2047, 09:54:18 am,4,9,2047
Friday, 4 October 2047, 12:42:06 am,4,10,2047
Saturday, 2 November 2047, 05:58:12 pm,2,11,2047
Monday, 2 December 2047, 12:55:12 pm,2,12,2047
Wednesday, 1 January 2048, 07:57:12 am,1,1,2048
Friday, 31 January 2048, 01:14:24 am,31,1,2048
Saturday, 29 February 2048, 03:38:12 pm,29,2,2048
Monday, 30 March 2048, 03:04:30 am,30,3,2048
Tuesday, 28 April 2048, 12:13:00 pm,28,5,2048
Wednesday, 27 May 2048, 07:57:18 pm,27,5,2048
Friday, 26 June 2048, 03:08:12 am,26,6,2048
Saturday, 25 July 2048, 10:34:00 am,25,7,2048
Sunday, 23 August 2048, 07:07:12 pm,23,8,2048
Tuesday, 22 September 2048, 05:46:36 am,22,9,2048
Wednesday, 21 October 2048, 07:25:00 pm,21,10,2048
Friday, 20 November 2048, 12:19:36 pm,20,11,2048
Sunday, 20 December 2048, 07:39:18 am,20,12,2048
Tuesday, 19 January 2049, 03:29:12 am,19,1,2049
Wednesday, 17 February 2049, 09:47:30 pm,17,2,2049
Friday, 19 March 2049, 01:23:24 pm,19,3,2049
Sunday, 18 April 2049, 02:04:48 am,18,5,2049
Monday, 17 May 2049, 12:13:48 pm,17,5,2049
Tuesday, 15 June 2049, 08:26:54 pm,15,6,2049
Thursday, 15 July 2049, 03:29:42 am,15,7,2049
Friday, 13 August 2049, 10:19:36 am,13,8,2049
Saturday, 11 September 2049, 06:04:24 pm,11,9,2049
Monday, 11 October 2049, 03:53:18 am,11,10,2049
Tuesday, 9 November 2049, 04:38:00 pm,9,11,2049
Thursday, 9 December 2049, 08:28:06 am,9,12,2049
Saturday, 8 January 2050, 02:39:06 am,8,1,2050
Sunday, 6 February 2050, 09:47:30 pm,6,2,2050
Tuesday, 8 March 2050, 04:23:18 pm,8,3,2050
Thursday, 7 April 2050, 09:12:12 am,7,5,2050
Friday, 6 May 2050, 11:26:12 pm,6,5,2050
Sunday, 5 June 2050, 10:51:12 am,5,6,2050
Monday, 4 July 2050, 07:51:00 pm,4,7,2050
Wednesday, 3 August 2050, 03:20:30 am,3,8,2050
Thursday, 1 September 2050, 10:30:54 am,1,9,2050
Friday, 30 September 2050, 06:31:48 pm,30,9,2050
Sunday, 30 October 2050, 04:16:00 am,30,10,2050
Monday, 28 November 2050, 04:09:48 pm,28,11,2050
Wednesday, 28 December 2050, 06:15:36 am,28,12,2050
